Workbook

Sheet EMv3_spinangle_O-DOY058_DEs_All
A2: Sum Cts | C2: =SUM(C4:C63) -> 261 | D2: =SUM(D4:D63) -> 507 | E2: =SUM(E4:E63) -> 1453 | F2: =SUM(F4:F63) -> 980 | G2: =SUM(G4:G63) -> 22 | H2: =SUM(H4:H63) -> 20 | I2: =SUM(I4:I63) -> 13
A3: # binEdge0 | B3: binEdge1 | C3: histogram | D3: histogram | E3: histogram | F3: histogram | G3: histogram | H3: histogram | I3: histogram
A4: 0 | B4: 6 | C4: 0 | D4: 0 | E4: 0 | F4: 0 | G4: 0 | H4: 0 | I4: 0
A5: 6 | B5: 12 | C5: 0 | D5: 0 | E5: 0 | F5: 0 | G5: 0 | H5: 0 | I5: 0
A6: 12 | B6: 18 | C6: 0 | D6: 0 | E6: 0 | F6: 0 | G6: 0 | H6: 0 | I6: 0
A7: 18 | B7: 24 | C7: 0 | D7: 0 | E7: 0 | F7: 0 | G7: 0 | H7: 0 | I7: 0
A8: 24 | B8: 30 | C8: 0 | D8: 0 | E8: 0 | F8: 0 | G8: 0 | H8: 0 | I8: 0
A9: 30 | B9: 36 | C9: 0 | D9: 0 | E9: 1 | F9: 0 | G9: 0 | H9: 0 | I9: 0
A10: 36 | B10: 42 | C10: 0 | D10: 0 | E10: 0 | F10: 0 | G10: 0 | H10: 0 | I10: 0
A11: 42 | B11: 48 | C11: 1 | D11: 1 | E11: 1 | F11: 1 | G11: 0 | H11: 0 | I11: 0
A12: 48 | B12: 54 | C12: 1 | D12: 1 | E12: 2 | F12: 1 | G12: 0 | H12: 0 | I12: 0
A13: 54 | B13: 60 | C13: 1 | D13: 1 | E13: 2 | F13: 1 | G13: 0 | H13: 0 | I13: 0
A14: 60 | B14: 66 | C14: 0 | D14: 0 | E14: 3 | F14: 1 | G14: 0 | H14: 0 | I14: 0
A15: 66 | B15: 72 | C15: 3 | D15: 5 | E15: 14 | F15: 11 | G15: 1 | H15: 1 | I15: 1
... A63: 354 | B63: 360 | C63: 0 | D63: 0 | E63: 0 | F63: 0 | G63: 0 | H63: 0 | I63: 0

Sheet EMv3_spin_new_O-DOY058_DEs_All
A2: Sum Cts | C2: =SUM(C4:C63) -> 265 | D2: =SUM(D4:D63) -> 510 | E2: =SUM(E4:E63) -> 1475 | F2: =SUM(F4:F63) -> 991 | G2: =SUM(G4:G63) -> 21 | H2: =SUM(H4:H63) -> 21 | I2: =SUM(I4:I63) -> 13
A3: # binEdge0 | B3: binEdge1 | C3: histogram | D3: histogram | E3: histogram | F3: histogram | G3: histogram | H3: histogram | I3: histogram
A4: 0 | B4: 6 | C4: 0 | D4: 0 | E4: 0 | F4: 0 | G4: 0 | H4: 0 | I4: 1
A5: 6 | B5: 12 | C5: 0 | D5: 0 | E5: 0 | F5: 0 | G5: 0 | H5: 0 | I5: 0
A6: 12 | B6: 18 | C6: 0 | D6: 0 | E6: 0 | F6: 1 | G6: 1 | H6: 1 | I6: 0
A7: 18 | B7: 24 | C7: 0 | D7: 0 | E7: 0 | F7: 0 | G7: 0 | H7: 1 | I7: 0
A8: 24 | B8: 30 | C8: 0 | D8: 0 | E8: 0 | F8: 0 | G8: 0 | H8: 0 | I8: 0
A9: 30 | B9: 36 | C9: 0 | D9: 0 | E9: 1 | F9: 0 | G9: 1 | H9: 4 | I9: 0
A10: 36 | B10: 42 | C10: 0 | D10: 0 | E10: 0 | F10: 0 | G10: 0 | H10: 0 | I10: 1
A11: 42 | B11: 48 | C11: 1 | D11: 0 | E11: 0 | F11: 1 | G11: 0 | H11: 0 | I11: 0
A12: 48 | B12: 54 | C12: 1 | D12: 0 | E12: 2 | F12: 0 | G12: 0 | H12: 0 | I12: 0
A13: 54 | B13: 60 | C13: 1 | D13: 0 | E13: 1 | F13: 1 | G13: 0 | H13: 0 | I13: 0
A14: 60 | B14: 66 | C14: 0 | D14: 1 | E14: 3 | F14: 2 | G14: 0 | H14: 0 | I14: 0
A15: 66 | B15: 72 | C15: 3 | D15: 3 | E15: 10 | F15: 8 | G15: 0 | H15: 0 | I15: 0
... A63: 354 | B63: 360 | C63: 0 | D63: 0 | E63: 0 | F63: 0 | G63: 0 | H63: 0 | I63: 0

Sheet DE_DOY58_histfilter
A2: Sum Cts | C2: =SUM(C4:C63) -> 304 | D2: =SUM(D4:D63) -> 598 | E2: =SUM(E4:E63) -> 1681 | F2: =SUM(F4:F63) -> 1123 | G2: =SUM(G4:G63) -> 27 | H2: =SUM(H4:H63) -> 22 | I2: =SUM(I4:I63) -> 17
A3: # binEdge0 | B3: binEdge1 | C3: histogram | D3: histogram | E3: histogram | F3: histogram | G3: histogram | H3: histogram | I3: histogram
A4: 0 | B4: 6 | C4: 0 | D4: 0 | E4: 0 | F4: 0 | G4: 0 | H4: 0 | I4: 1
A5: 6 | B5: 12 | C5: 0 | D5: 0 | E5: 0 | F5: 0 | G5: 0 | H5: 0 | I5: 0
A6: 12 | B6: 18 | C6: 0 | D6: 0 | E6: 0 | F6: 1 | G6: 1 | H6: 1 | I6: 0
A7: 18 | B7: 24 | C7: 0 | D7: 0 | E7: 0 | F7: 0 | G7: 0 | H7: 1 | I7: 0
A8: 24 | B8: 30 | C8: 0 | D8: 0 | E8: 0 | F8: 0 | G8: 0 | H8: 0 | I8: 0
A9: 30 | B9: 36 | C9: 0 | D9: 0 | E9: 1 | F9: 0 | G9: 1 | H9: 4 | I9: 0
A10: 36 | B10: 42 | C10: 0 | D10: 0 | E10: 0 | F10: 0 | G10: 0 | H10: 0 | I10: 1
A11: 42 | B11: 48 | C11: 1 | D11: 0 | E11: 0 | F11: 1 | G11: 0 | H11: 0 | I11: 0
A12: 48 | B12: 54 | C12: 1 | D12: 0 | E12: 2 | F12: 0 | G12: 1 | H12: 0 | I12: 0
A13: 54 | B13: 60 | C13: 1 | D13: 0 | E13: 1 | F13: 1 | G13: 0 | H13: 0 | I13: 0
A14: 60 | B14: 66 | C14: 0 | D14: 1 | E14: 4 | F14: 2 | G14: 0 | H14: 0 | I14: 0
A15: 66 | B15: 72 | C15: 4 | D15: 5 | E15: 11 | F15: 8 | G15: 0 | H15: 0 | I15: 0
... A63: 354 | B63: 360 | C63: 0 | D63: 0 | E63: 0 | F63: 0 | G63: 0 | H63: 0 | I63: 0

Sheet O-imap_lo_I1b_histrates_DOY058
A2: Sum Cts | B2: =SUM(B4:B63) -> 305 | C2: =SUM(C4:C63) -> 599 | D2: =SUM(D4:D63) -> 1681 | E2: =SUM(E4:E63) -> 1123 | F2: =SUM(F4:F63) -> 28 | G2: =SUM(G4:G63) -> 22 | H2: =SUM(H4:H63) -> 17 | I2: =SUM(B2:H2) -> 3775
A3: SpinBins | B3: ESA1 | C3: ESA2 | D3: ESA3 | E3: ESA4 | F3: ESA5 | G3: ESA6 | H3: ESA7 | J3: NEP
A4: 0 | B4: 0 | C4: 0 | D4: 0 | E4: 0 | F4: 0 | G4: 0 | H4: 0 | J4: =A4*6+3 -> 3
A5: 1 | B5: 0 | C5: 0 | D5: 0 | E5: 0 | F5: 0 | G5: 0 | H5: 0 | J5: =A5*6+3 -> 9
A6: 2 | B6: 0 | C6: 0 | D6: 0 | E6: 1 | F6: 1 | G6: 1 | H6: 0 | J6: =A6*6+3 -> 15
A7: 3 | B7: 0 | C7: 0 | D7: 0 | E7: 0 | F7: 0 | G7: 1 | H7: 0 | J7: =A7*6+3 -> 21
A8: 4 | B8: 0 | C8: 0 | D8: 0 | E8: 0 | F8: 0 | G8: 0 | H8: 0 | J8: =A8*6+3 -> 27
A9: 5 | B9: 0 | C9: 0 | D9: 1 | E9: 0 | F9: 1 | G9: 4 | H9: 0 | J9: =A9*6+3 -> 33
A10: 6 | B10: 0 | C10: 0 | D10: 0 | E10: 1 | F10: 1 | G10: 0 | H10: 1 | J10: =A10*6+3 -> 39
A11: 7 | B11: 1 | C11: 0 | D11: 0 | E11: 0 | F11: 0 | G11: 0 | H11: 0 | J11: =A11*6+3 -> 45
A12: 8 | B12: 1 | C12: 0 | D12: 2 | E12: 1 | F12: 1 | G12: 0 | H12: 0 | J12: =A12*6+3 -> 51
A13: 9 | B13: 1 | C13: 0 | D13: 1 | E13: 0 | F13: 0 | G13: 0 | H13: 0 | J13: =A13*6+3 -> 57
A14: 10 | B14: 0 | C14: 2 | D14: 6 | E14: 3 | F14: 0 | G14: 0 | H14: 0 | J14: =A14*6+3 -> 63
A15: 11 | B15: 7 | C15: 8 | D15: 16 | E15: 13 | F15: 0 | G15: 0 | H15: 0 | J15: =A15*6+3 -> 69
... A63: 59 | B63: 0 | C63: 0 | D63: 0 | E63: 0 | F63: 0 | G63: 0 | H63: 1 | J63: =A63*6+3 -> 357

Sheet Comparison_old
A1: % DEs missing | B1: =B2/'O-imap_lo_I1b_histrates_DOY058'!B2 -> 0.1442623 | C1: =C2/'O-imap_lo_I1b_histrates_DOY058'!C2 -> 0.15358932 | D1: =D2/'O-imap_lo_I1b_histrates_DOY058'!D2 -> 0.13563355 | E1: =E2/'O-imap_lo_I1b_histrates_DOY058'!E2 -> 0.12733749 | F1: =F2/'O-imap_lo_I1b_histrates_DOY058'!F2 -> 0.21428571 | G1: =G2/'O-imap_lo_I1b_histrates_DOY058'!G2 -> 0.090909091 | H1: =H2/'O-imap_lo_I1b_histrates_DOY058'!H2 -> 0.23529412 | I1: =I2/'O-imap_lo_I1b_histrates_DOY058'!I2 -> 0.13748344
A2: Diff of Sums | B2: =SUM(B4:B63) -> 44 | C2: =SUM(C4:C63) -> 92 | D2: =SUM(D4:D63) -> 228 | E2: =SUM(E4:E63) -> 143 | F2: =SUM(F4:F63) -> 6 | G2: =SUM(G4:G63) -> 2 | H2: =SUM(H4:H63) -> 4 | I2: =SUM(B2:H2) -> 519
A3: SpinBins | B3: ESA1 | C3: ESA2 | D3: ESA3 | E3: ESA4 | F3: ESA5 | G3: ESA6 | H3: ESA7
A4: 0 | B4: ='O-imap_lo_I1b_histrates_DOY058'!B4-'EMv3_spinangle_O-DOY058_DEs_All'!C4 -> 0 | C4: ='O-imap_lo_I1b_histrates_DOY058'!C4-'EMv3_spinangle_O-DOY058_DEs_All'!D4 -> 0 | D4: ='O-imap_lo_I1b_histrates_DOY058'!D4-'EMv3_spinangle_O-DOY058_DEs_All'!E4 -> 0 | E4: ='O-imap_lo_I1b_histrates_DOY058'!E4-'EMv3_spinangle_O-DOY058_DEs_All'!F4 -> 0 | F4: ='O-imap_lo_I1b_histrates_DOY058'!F4-'EMv3_spinangle_O-DOY058_DEs_All'!G4 -> 0 | G4: ='O-imap_lo_I1b_histrates_DOY058'!G4-'EMv3_spinangle_O-DOY058_DEs_All'!H4 -> 0 | H4: ='O-imap_lo_I1b_histrates_DOY058'!H4-'EMv3_spinangle_O-DOY058_DEs_All'!I4 -> 0
A5: 1 | B5: ='O-imap_lo_I1b_histrates_DOY058'!B5-'EMv3_spinangle_O-DOY058_DEs_All'!C5 -> 0 | C5: ='O-imap_lo_I1b_histrates_DOY058'!C5-'EMv3_spinangle_O-DOY058_DEs_All'!D5 -> 0 | D5: ='O-imap_lo_I1b_histrates_DOY058'!D5-'EMv3_spinangle_O-DOY058_DEs_All'!E5 -> 0 | E5: ='O-imap_lo_I1b_histrates_DOY058'!E5-'EMv3_spinangle_O-DOY058_DEs_All'!F5 -> 0 | F5: ='O-imap_lo_I1b_histrates_DOY058'!F5-'EMv3_spinangle_O-DOY058_DEs_All'!G5 -> 0 | G5: ='O-imap_lo_I1b_histrates_DOY058'!G5-'EMv3_spinangle_O-DOY058_DEs_All'!H5 -> 0 | H5: ='O-imap_lo_I1b_histrates_DOY058'!H5-'EMv3_spinangle_O-DOY058_DEs_All'!I5 -> 0
A6: 2 | B6: ='O-imap_lo_I1b_histrates_DOY058'!B6-'EMv3_spinangle_O-DOY058_DEs_All'!C6 -> 0 | C6: ='O-imap_lo_I1b_histrates_DOY058'!C6-'EMv3_spinangle_O-DOY058_DEs_All'!D6 -> 0 | D6: ='O-imap_lo_I1b_histrates_DOY058'!D6-'EMv3_spinangle_O-DOY058_DEs_All'!E6 -> 0 | E6: ='O-imap_lo_I1b_histrates_DOY058'!E6-'EMv3_spinangle_O-DOY058_DEs_All'!F6 -> 1 | F6: ='O-imap_lo_I1b_histrates_DOY058'!F6-'EMv3_spinangle_O-DOY058_DEs_All'!G6 -> 1 | G6: ='O-imap_lo_I1b_histrates_DOY058'!G6-'EMv3_spinangle_O-DOY058_DEs_All'!H6 -> 1 | H6: ='O-imap_lo_I1b_histrates_DOY058'!H6-'EMv3_spinangle_O-DOY058_DEs_All'!I6 -> 0
A7: 3 | B7: ='O-imap_lo_I1b_histrates_DOY058'!B7-'EMv3_spinangle_O-DOY058_DEs_All'!C7 -> 0 | C7: ='O-imap_lo_I1b_histrates_DOY058'!C7-'EMv3_spinangle_O-DOY058_DEs_All'!D7 -> 0 | D7: ='O-imap_lo_I1b_histrates_DOY058'!D7-'EMv3_spinangle_O-DOY058_DEs_All'!E7 -> 0 | E7: ='O-imap_lo_I1b_histrates_DOY058'!E7-'EMv3_spinangle_O-DOY058_DEs_All'!F7 -> 0 | F7: ='O-imap_lo_I1b_histrates_DOY058'!F7-'EMv3_spinangle_O-DOY058_DEs_All'!G7 -> 0 | G7: ='O-imap_lo_I1b_histrates_DOY058'!G7-'EMv3_spinangle_O-DOY058_DEs_All'!H7 -> 1 | H7: ='O-imap_lo_I1b_histrates_DOY058'!H7-'EMv3_spinangle_O-DOY058_DEs_All'!I7 -> 0
A8: 4 | B8: ='O-imap_lo_I1b_histrates_DOY058'!B8-'EMv3_spinangle_O-DOY058_DEs_All'!C8 -> 0 | C8: ='O-imap_lo_I1b_histrates_DOY058'!C8-'EMv3_spinangle_O-DOY058_DEs_All'!D8 -> 0 | D8: ='O-imap_lo_I1b_histrates_DOY058'!D8-'EMv3_spinangle_O-DOY058_DEs_All'!E8 -> 0 | E8: ='O-imap_lo_I1b_histrates_DOY058'!E8-'EMv3_spinangle_O-DOY058_DEs_All'!F8 -> 0 | F8: ='O-imap_lo_I1b_histrates_DOY058'!F8-'EMv3_spinangle_O-DOY058_DEs_All'!G8 -> 0 | G8: ='O-imap_lo_I1b_histrates_DOY058'!G8-'EMv3_spinangle_O-DOY058_DEs_All'!H8 -> 0 | H8: ='O-imap_lo_I1b_histrates_DOY058'!H8-'EMv3_spinangle_O-DOY058_DEs_All'!I8 -> 0
A9: 5 | B9: ='O-imap_lo_I1b_histrates_DOY058'!B9-'EMv3_spinangle_O-DOY058_DEs_All'!C9 -> 0 | C9: ='O-imap_lo_I1b_histrates_DOY058'!C9-'EMv3_spinangle_O-DOY058_DEs_All'!D9 -> 0 | D9: ='O-imap_lo_I1b_histrates_DOY058'!D9-'EMv3_spinangle_O-DOY058_DEs_All'!E9 -> 0 | E9: ='O-imap_lo_I1b_histrates_DOY058'!E9-'EMv3_spinangle_O-DOY058_DEs_All'!F9 -> 0 | F9: ='O-imap_lo_I1b_histrates_DOY058'!F9-'EMv3_spinangle_O-DOY058_DEs_All'!G9 -> 1 | G9: ='O-imap_lo_I1b_histrates_DOY058'!G9-'EMv3_spinangle_O-DOY058_DEs_All'!H9 -> 4 | H9: ='O-imap_lo_I1b_histrates_DOY058'!H9-'EMv3_spinangle_O-DOY058_DEs_All'!I9 -> 0
A10: 6 | B10: ='O-imap_lo_I1b_histrates_DOY058'!B10-'EMv3_spinangle_O-DOY058_DEs_All'!C10 -> 0 | C10: ='O-imap_lo_I1b_histrates_DOY058'!C10-'EMv3_spinangle_O-DOY058_DEs_All'!D10 -> 0 | D10: ='O-imap_lo_I1b_histrates_DOY058'!D10-'EMv3_spinangle_O-DOY058_DEs_All'!E10 -> 0 | E10: ='O-imap_lo_I1b_histrates_DOY058'!E10-'EMv3_spinangle_O-DOY058_DEs_All'!F10 -> 1 | F10: ='O-imap_lo_I1b_histrates_DOY058'!F10-'EMv3_spinangle_O-DOY058_DEs_All'!G10 -> 1 | G10: ='O-imap_lo_I1b_histrates_DOY058'!G10-'EMv3_spinangle_O-DOY058_DEs_All'!H10 -> 0 | H10: ='O-imap_lo_I1b_histrates_DOY058'!H10-'EMv3_spinangle_O-DOY058_DEs_All'!I10 -> 1
A11: 7 | B11: ='O-imap_lo_I1b_histrates_DOY058'!B11-'EMv3_spinangle_O-DOY058_DEs_All'!C11 -> 0 | C11: ='O-imap_lo_I1b_histrates_DOY058'!C11-'EMv3_spinangle_O-DOY058_DEs_All'!D11 -> -1 | D11: ='O-imap_lo_I1b_histrates_DOY058'!D11-'EMv3_spinangle_O-DOY058_DEs_All'!E11 -> -1 | E11: ='O-imap_lo_I1b_histrates_DOY058'!E11-'EMv3_spinangle_O-DOY058_DEs_All'!F11 -> -1 | F11: ='O-imap_lo_I1b_histrates_DOY058'!F11-'EMv3_spinangle_O-DOY058_DEs_All'!G11 -> 0 | G11: ='O-imap_lo_I1b_histrates_DOY058'!G11-'EMv3_spinangle_O-DOY058_DEs_All'!H11 -> 0 | H11: ='O-imap_lo_I1b_histrates_DOY058'!H11-'EMv3_spinangle_O-DOY058_DEs_All'!I11 -> 0
A12: 8 | B12: ='O-imap_lo_I1b_histrates_DOY058'!B12-'EMv3_spinangle_O-DOY058_DEs_All'!C12 -> 0 | C12: ='O-imap_lo_I1b_histrates_DOY058'!C12-'EMv3_spinangle_O-DOY058_DEs_All'!D12 -> -1 | D12: ='O-imap_lo_I1b_histrates_DOY058'!D12-'EMv3_spinangle_O-DOY058_DEs_All'!E12 -> 0 | E12: ='O-imap_lo_I1b_histrates_DOY058'!E12-'EMv3_spinangle_O-DOY058_DEs_All'!F12 -> 0 | F12: ='O-imap_lo_I1b_histrates_DOY058'!F12-'EMv3_spinangle_O-DOY058_DEs_All'!G12 -> 1 | G12: ='O-imap_lo_I1b_histrates_DOY058'!G12-'EMv3_spinangle_O-DOY058_DEs_All'!H12 -> 0 | H12: ='O-imap_lo_I1b_histrates_DOY058'!H12-'EMv3_spinangle_O-DOY058_DEs_All'!I12 -> 0
A13: 9 | B13: ='O-imap_lo_I1b_histrates_DOY058'!B13-'EMv3_spinangle_O-DOY058_DEs_All'!C13 -> 0 | C13: ='O-imap_lo_I1b_histrates_DOY058'!C13-'EMv3_spinangle_O-DOY058_DEs_All'!D13 -> -1 | D13: ='O-imap_lo_I1b_histrates_DOY058'!D13-'EMv3_spinangle_O-DOY058_DEs_All'!E13 -> -1 | E13: ='O-imap_lo_I1b_histrates_DOY058'!E13-'EMv3_spinangle_O-DOY058_DEs_All'!F13 -> -1 | F13: ='O-imap_lo_I1b_histrates_DOY058'!F13-'EMv3_spinangle_O-DOY058_DEs_All'!G13 -> 0 | G13: ='O-imap_lo_I1b_histrates_DOY058'!G13-'EMv3_spinangle_O-DOY058_DEs_All'!H13 -> 0 | H13: ='O-imap_lo_I1b_histrates_DOY058'!H13-'EMv3_spinangle_O-DOY058_DEs_All'!I13 -> 0
A14: 10 | B14: ='O-imap_lo_I1b_histrates_DOY058'!B14-'EMv3_spinangle_O-DOY058_DEs_All'!C14 -> 0 | C14: ='O-imap_lo_I1b_histrates_DOY058'!C14-'EMv3_spinangle_O-DOY058_DEs_All'!D14 -> 2 | D14: ='O-imap_lo_I1b_histrates_DOY058'!D14-'EMv3_spinangle_O-DOY058_DEs_All'!E14 -> 3 | E14: ='O-imap_lo_I1b_histrates_DOY058'!E14-'EMv3_spinangle_O-DOY058_DEs_All'!F14 -> 2 | F14: ='O-imap_lo_I1b_histrates_DOY058'!F14-'EMv3_spinangle_O-DOY058_DEs_All'!G14 -> 0 | G14: ='O-imap_lo_I1b_histrates_DOY058'!G14-'EMv3_spinangle_O-DOY058_DEs_All'!H14 -> 0 | H14: ='O-imap_lo_I1b_histrates_DOY058'!H14-'EMv3_spinangle_O-DOY058_DEs_All'!I14 -> 0
A15: 11 | B15: ='O-imap_lo_I1b_histrates_DOY058'!B15-'EMv3_spinangle_O-DOY058_DEs_All'!C15 -> 4 | C15: ='O-imap_lo_I1b_histrates_DOY058'!C15-'EMv3_spinangle_O-DOY058_DEs_All'!D15 -> 3 | D15: ='O-imap_lo_I1b_histrates_DOY058'!D15-'EMv3_spinangle_O-DOY058_DEs_All'!E15 -> 2 | E15: ='O-imap_lo_I1b_histrates_DOY058'!E15-'EMv3_spinangle_O-DOY058_DEs_All'!F15 -> 2 | F15: ='O-imap_lo_I1b_histrates_DOY058'!F15-'EMv3_spinangle_O-DOY058_DEs_All'!G15 -> -1 | G15: ='O-imap_lo_I1b_histrates_DOY058'!G15-'EMv3_spinangle_O-DOY058_DEs_All'!H15 -> -1 | H15: ='O-imap_lo_I1b_histrates_DOY058'!H15-'EMv3_spinangle_O-DOY058_DEs_All'!I15 -> -1
... A63: 59 | B63: ='O-imap_lo_I1b_histrates_DOY058'!B63-'EMv3_spinangle_O-DOY058_DEs_All'!C63 -> 0 | C63: ='O-imap_lo_I1b_histrates_DOY058'!C63-'EMv3_spinangle_O-DOY058_DEs_All'!D63 -> 0 | D63: ='O-imap_lo_I1b_histrates_DOY058'!D63-'EMv3_spinangle_O-DOY058_DEs_All'!E63 -> 0 | E63: ='O-imap_lo_I1b_histrates_DOY058'!E63-'EMv3_spinangle_O-DOY058_DEs_All'!F63 -> 0 | F63: ='O-imap_lo_I1b_histrates_DOY058'!F63-'EMv3_spinangle_O-DOY058_DEs_All'!G63 -> 0 | G63: ='O-imap_lo_I1b_histrates_DOY058'!G63-'EMv3_spinangle_O-DOY058_DEs_All'!H63 -> 0 | H63: ='O-imap_lo_I1b_histrates_DOY058'!H63-'EMv3_spinangle_O-DOY058_DEs_All'!I63 -> 1

Sheet Comparison_new
A1: % DEs missing | B1: =B2/'O-imap_lo_I1b_histrates_DOY058'!B2 -> 0.13114754 | C1: =C2/'O-imap_lo_I1b_histrates_DOY058'!C2 -> 0.14858097 | D1: =D2/'O-imap_lo_I1b_histrates_DOY058'!D2 -> 0.1225461 | E1: =E2/'O-imap_lo_I1b_histrates_DOY058'!E2 -> 0.1175423 | F1: =F2/'O-imap_lo_I1b_histrates_DOY058'!F2 -> 0.25 | G1: =G2/'O-imap_lo_I1b_histrates_DOY058'!G2 -> 0.045454545 | H1: =H2/'O-imap_lo_I1b_histrates_DOY058'!H2 -> 0.23529412 | I1: =I2/'O-imap_lo_I1b_histrates_DOY058'!I2 -> 0.12688742
A2: Diff of Sums | B2: =SUM(B4:B63) -> 40 | C2: =SUM(C4:C63) -> 89 | D2: =SUM(D4:D63) -> 206 | E2: =SUM(E4:E63) -> 132 | F2: =SUM(F4:F63) -> 7 | G2: =SUM(G4:G63) -> 1 | H2: =SUM(H4:H63) -> 4 | I2: =SUM(B2:H2) -> 479
A3: SpinBins | B3: ESA1 | C3: ESA2 | D3: ESA3 | E3: ESA4 | F3: ESA5 | G3: ESA6 | H3: ESA7 | J3: NEP
A4: 0 | B4: ='O-imap_lo_I1b_histrates_DOY058'!B4-'EMv3_spin_new_O-DOY058_DEs_All'!C4 -> 0 | C4: ='O-imap_lo_I1b_histrates_DOY058'!C4-'EMv3_spin_new_O-DOY058_DEs_All'!D4 -> 0 | D4: ='O-imap_lo_I1b_histrates_DOY058'!D4-'EMv3_spin_new_O-DOY058_DEs_All'!E4 -> 0 | E4: ='O-imap_lo_I1b_histrates_DOY058'!E4-'EMv3_spin_new_O-DOY058_DEs_All'!F4 -> 0 | F4: ='O-imap_lo_I1b_histrates_DOY058'!F4-'EMv3_spin_new_O-DOY058_DEs_All'!G4 -> 0 | G4: ='O-imap_lo_I1b_histrates_DOY058'!G4-'EMv3_spin_new_O-DOY058_DEs_All'!H4 -> 0 | H4: ='O-imap_lo_I1b_histrates_DOY058'!H4-'EMv3_spin_new_O-DOY058_DEs_All'!I4 -> -1 | J4: =A4*6+3 -> 3
A5: 1 | B5: ='O-imap_lo_I1b_histrates_DOY058'!B5-'EMv3_spin_new_O-DOY058_DEs_All'!C5 -> 0 | C5: ='O-imap_lo_I1b_histrates_DOY058'!C5-'EMv3_spin_new_O-DOY058_DEs_All'!D5 -> 0 | D5: ='O-imap_lo_I1b_histrates_DOY058'!D5-'EMv3_spin_new_O-DOY058_DEs_All'!E5 -> 0 | E5: ='O-imap_lo_I1b_histrates_DOY058'!E5-'EMv3_spin_new_O-DOY058_DEs_All'!F5 -> 0 | F5: ='O-imap_lo_I1b_histrates_DOY058'!F5-'EMv3_spin_new_O-DOY058_DEs_All'!G5 -> 0 | G5: ='O-imap_lo_I1b_histrates_DOY058'!G5-'EMv3_spin_new_O-DOY058_DEs_All'!H5 -> 0 | H5: ='O-imap_lo_I1b_histrates_DOY058'!H5-'EMv3_spin_new_O-DOY058_DEs_All'!I5 -> 0 | J5: =A5*6+3 -> 9
A6: 2 | B6: ='O-imap_lo_I1b_histrates_DOY058'!B6-'EMv3_spin_new_O-DOY058_DEs_All'!C6 -> 0 | C6: ='O-imap_lo_I1b_histrates_DOY058'!C6-'EMv3_spin_new_O-DOY058_DEs_All'!D6 -> 0 | D6: ='O-imap_lo_I1b_histrates_DOY058'!D6-'EMv3_spin_new_O-DOY058_DEs_All'!E6 -> 0 | E6: ='O-imap_lo_I1b_histrates_DOY058'!E6-'EMv3_spin_new_O-DOY058_DEs_All'!F6 -> 0 | F6: ='O-imap_lo_I1b_histrates_DOY058'!F6-'EMv3_spin_new_O-DOY058_DEs_All'!G6 -> 0 | G6: ='O-imap_lo_I1b_histrates_DOY058'!G6-'EMv3_spin_new_O-DOY058_DEs_All'!H6 -> 0 | H6: ='O-imap_lo_I1b_histrates_DOY058'!H6-'EMv3_spin_new_O-DOY058_DEs_All'!I6 -> 0 | J6: =A6*6+3 -> 15
A7: 3 | B7: ='O-imap_lo_I1b_histrates_DOY058'!B7-'EMv3_spin_new_O-DOY058_DEs_All'!C7 -> 0 | C7: ='O-imap_lo_I1b_histrates_DOY058'!C7-'EMv3_spin_new_O-DOY058_DEs_All'!D7 -> 0 | D7: ='O-imap_lo_I1b_histrates_DOY058'!D7-'EMv3_spin_new_O-DOY058_DEs_All'!E7 -> 0 | E7: ='O-imap_lo_I1b_histrates_DOY058'!E7-'EMv3_spin_new_O-DOY058_DEs_All'!F7 -> 0 | F7: ='O-imap_lo_I1b_histrates_DOY058'!F7-'EMv3_spin_new_O-DOY058_DEs_All'!G7 -> 0 | G7: ='O-imap_lo_I1b_histrates_DOY058'!G7-'EMv3_spin_new_O-DOY058_DEs_All'!H7 -> 0 | H7: ='O-imap_lo_I1b_histrates_DOY058'!H7-'EMv3_spin_new_O-DOY058_DEs_All'!I7 -> 0 | J7: =A7*6+3 -> 21
A8: 4 | B8: ='O-imap_lo_I1b_histrates_DOY058'!B8-'EMv3_spin_new_O-DOY058_DEs_All'!C8 -> 0 | C8: ='O-imap_lo_I1b_histrates_DOY058'!C8-'EMv3_spin_new_O-DOY058_DEs_All'!D8 -> 0 | D8: ='O-imap_lo_I1b_histrates_DOY058'!D8-'EMv3_spin_new_O-DOY058_DEs_All'!E8 -> 0 | E8: ='O-imap_lo_I1b_histrates_DOY058'!E8-'EMv3_spin_new_O-DOY058_DEs_All'!F8 -> 0 | F8: ='O-imap_lo_I1b_histrates_DOY058'!F8-'EMv3_spin_new_O-DOY058_DEs_All'!G8 -> 0 | G8: ='O-imap_lo_I1b_histrates_DOY058'!G8-'EMv3_spin_new_O-DOY058_DEs_All'!H8 -> 0 | H8: ='O-imap_lo_I1b_histrates_DOY058'!H8-'EMv3_spin_new_O-DOY058_DEs_All'!I8 -> 0 | J8: =A8*6+3 -> 27
A9: 5 | B9: ='O-imap_lo_I1b_histrates_DOY058'!B9-'EMv3_spin_new_O-DOY058_DEs_All'!C9 -> 0 | C9: ='O-imap_lo_I1b_histrates_DOY058'!C9-'EMv3_spin_new_O-DOY058_DEs_All'!D9 -> 0 | D9: ='O-imap_lo_I1b_histrates_DOY058'!D9-'EMv3_spin_new_O-DOY058_DEs_All'!E9 -> 0 | E9: ='O-imap_lo_I1b_histrates_DOY058'!E9-'EMv3_spin_new_O-DOY058_DEs_All'!F9 -> 0 | F9: ='O-imap_lo_I1b_histrates_DOY058'!F9-'EMv3_spin_new_O-DOY058_DEs_All'!G9 -> 0 | G9: ='O-imap_lo_I1b_histrates_DOY058'!G9-'EMv3_spin_new_O-DOY058_DEs_All'!H9 -> 0 | H9: ='O-imap_lo_I1b_histrates_DOY058'!H9-'EMv3_spin_new_O-DOY058_DEs_All'!I9 -> 0 | J9: =A9*6+3 -> 33
A10: 6 | B10: ='O-imap_lo_I1b_histrates_DOY058'!B10-'EMv3_spin_new_O-DOY058_DEs_All'!C10 -> 0 | C10: ='O-imap_lo_I1b_histrates_DOY058'!C10-'EMv3_spin_new_O-DOY058_DEs_All'!D10 -> 0 | D10: ='O-imap_lo_I1b_histrates_DOY058'!D10-'EMv3_spin_new_O-DOY058_DEs_All'!E10 -> 0 | E10: ='O-imap_lo_I1b_histrates_DOY058'!E10-'EMv3_spin_new_O-DOY058_DEs_All'!F10 -> 1 | F10: ='O-imap_lo_I1b_histrates_DOY058'!F10-'EMv3_spin_new_O-DOY058_DEs_All'!G10 -> 1 | G10: ='O-imap_lo_I1b_histrates_DOY058'!G10-'EMv3_spin_new_O-DOY058_DEs_All'!H10 -> 0 | H10: ='O-imap_lo_I1b_histrates_DOY058'!H10-'EMv3_spin_new_O-DOY058_DEs_All'!I10 -> 0 | J10: =A10*6+3 -> 39
A11: 7 | B11: ='O-imap_lo_I1b_histrates_DOY058'!B11-'EMv3_spin_new_O-DOY058_DEs_All'!C11 -> 0 | C11: ='O-imap_lo_I1b_histrates_DOY058'!C11-'EMv3_spin_new_O-DOY058_DEs_All'!D11 -> 0 | D11: ='O-imap_lo_I1b_histrates_DOY058'!D11-'EMv3_spin_new_O-DOY058_DEs_All'!E11 -> 0 | E11: ='O-imap_lo_I1b_histrates_DOY058'!E11-'EMv3_spin_new_O-DOY058_DEs_All'!F11 -> -1 | F11: ='O-imap_lo_I1b_histrates_DOY058'!F11-'EMv3_spin_new_O-DOY058_DEs_All'!G11 -> 0 | G11: ='O-imap_lo_I1b_histrates_DOY058'!G11-'EMv3_spin_new_O-DOY058_DEs_All'!H11 -> 0 | H11: ='O-imap_lo_I1b_histrates_DOY058'!H11-'EMv3_spin_new_O-DOY058_DEs_All'!I11 -> 0 | J11: =A11*6+3 -> 45
A12: 8 | B12: ='O-imap_lo_I1b_histrates_DOY058'!B12-'EMv3_spin_new_O-DOY058_DEs_All'!C12 -> 0 | C12: ='O-imap_lo_I1b_histrates_DOY058'!C12-'EMv3_spin_new_O-DOY058_DEs_All'!D12 -> 0 | D12: ='O-imap_lo_I1b_histrates_DOY058'!D12-'EMv3_spin_new_O-DOY058_DEs_All'!E12 -> 0 | E12: ='O-imap_lo_I1b_histrates_DOY058'!E12-'EMv3_spin_new_O-DOY058_DEs_All'!F12 -> 1 | F12: ='O-imap_lo_I1b_histrates_DOY058'!F12-'EMv3_spin_new_O-DOY058_DEs_All'!G12 -> 1 | G12: ='O-imap_lo_I1b_histrates_DOY058'!G12-'EMv3_spin_new_O-DOY058_DEs_All'!H12 -> 0 | H12: ='O-imap_lo_I1b_histrates_DOY058'!H12-'EMv3_spin_new_O-DOY058_DEs_All'!I12 -> 0 | J12: =A12*6+3 -> 51
A13: 9 | B13: ='O-imap_lo_I1b_histrates_DOY058'!B13-'EMv3_spin_new_O-DOY058_DEs_All'!C13 -> 0 | C13: ='O-imap_lo_I1b_histrates_DOY058'!C13-'EMv3_spin_new_O-DOY058_DEs_All'!D13 -> 0 | D13: ='O-imap_lo_I1b_histrates_DOY058'!D13-'EMv3_spin_new_O-DOY058_DEs_All'!E13 -> 0 | E13: ='O-imap_lo_I1b_histrates_DOY058'!E13-'EMv3_spin_new_O-DOY058_DEs_All'!F13 -> -1 | F13: ='O-imap_lo_I1b_histrates_DOY058'!F13-'EMv3_spin_new_O-DOY058_DEs_All'!G13 -> 0 | G13: ='O-imap_lo_I1b_histrates_DOY058'!G13-'EMv3_spin_new_O-DOY058_DEs_All'!H13 -> 0 | H13: ='O-imap_lo_I1b_histrates_DOY058'!H13-'EMv3_spin_new_O-DOY058_DEs_All'!I13 -> 0 | J13: =A13*6+3 -> 57
A14: 10 | B14: ='O-imap_lo_I1b_histrates_DOY058'!B14-'EMv3_spin_new_O-DOY058_DEs_All'!C14 -> 0 | C14: ='O-imap_lo_I1b_histrates_DOY058'!C14-'EMv3_spin_new_O-DOY058_DEs_All'!D14 -> 1 | D14: ='O-imap_lo_I1b_histrates_DOY058'!D14-'EMv3_spin_new_O-DOY058_DEs_All'!E14 -> 3 | E14: ='O-imap_lo_I1b_histrates_DOY058'!E14-'EMv3_spin_new_O-DOY058_DEs_All'!F14 -> 1 | F14: ='O-imap_lo_I1b_histrates_DOY058'!F14-'EMv3_spin_new_O-DOY058_DEs_All'!G14 -> 0 | G14: ='O-imap_lo_I1b_histrates_DOY058'!G14-'EMv3_spin_new_O-DOY058_DEs_All'!H14 -> 0 | H14: ='O-imap_lo_I1b_histrates_DOY058'!H14-'EMv3_spin_new_O-DOY058_DEs_All'!I14 -> 0 | J14: =A14*6+3 -> 63
A15: 11 | B15: ='O-imap_lo_I1b_histrates_DOY058'!B15-'EMv3_spin_new_O-DOY058_DEs_All'!C15 -> 4 | C15: ='O-imap_lo_I1b_histrates_DOY058'!C15-'EMv3_spin_new_O-DOY058_DEs_All'!D15 -> 5 | D15: ='O-imap_lo_I1b_histrates_DOY058'!D15-'EMv3_spin_new_O-DOY058_DEs_All'!E15 -> 6 | E15: ='O-imap_lo_I1b_histrates_DOY058'!E15-'EMv3_spin_new_O-DOY058_DEs_All'!F15 -> 5 | F15: ='O-imap_lo_I1b_histrates_DOY058'!F15-'EMv3_spin_new_O-DOY058_DEs_All'!G15 -> 0 | G15: ='O-imap_lo_I1b_histrates_DOY058'!G15-'EMv3_spin_new_O-DOY058_DEs_All'!H15 -> 0 | H15: ='O-imap_lo_I1b_histrates_DOY058'!H15-'EMv3_spin_new_O-DOY058_DEs_All'!I15 -> 0 | J15: =A15*6+3 -> 69
... A63: 59 | B63: ='O-imap_lo_I1b_histrates_DOY058'!B63-'EMv3_spin_new_O-DOY058_DEs_All'!C63 -> 0 | C63: ='O-imap_lo_I1b_histrates_DOY058'!C63-'EMv3_spin_new_O-DOY058_DEs_All'!D63 -> 0 | D63: ='O-imap_lo_I1b_histrates_DOY058'!D63-'EMv3_spin_new_O-DOY058_DEs_All'!E63 -> 0 | E63: ='O-imap_lo_I1b_histrates_DOY058'!E63-'EMv3_spin_new_O-DOY058_DEs_All'!F63 -> 0 | F63: ='O-imap_lo_I1b_histrates_DOY058'!F63-'EMv3_spin_new_O-DOY058_DEs_All'!G63 -> 0 | G63: ='O-imap_lo_I1b_histrates_DOY058'!G63-'EMv3_spin_new_O-DOY058_DEs_All'!H63 -> 0 | H63: ='O-imap_lo_I1b_histrates_DOY058'!H63-'EMv3_spin_new_O-DOY058_DEs_All'!I63 -> 1 | J63: =A63*6+3 -> 357

Sheet Comparison_histfiter
A1: % DEs missing | B1: =B2/'O-imap_lo_I1b_histrates_DOY058'!B2 -> 0.0032786885 | C1: =C2/'O-imap_lo_I1b_histrates_DOY058'!C2 -> 0.0016694491 | D1: =D2/'O-imap_lo_I1b_histrates_DOY058'!D2 -> 0 | E1: =E2/'O-imap_lo_I1b_histrates_DOY058'!E2 -> 0 | F1: =F2/'O-imap_lo_I1b_histrates_DOY058'!F2 -> 0.035714286 | G1: =G2/'O-imap_lo_I1b_histrates_DOY058'!G2 -> 0 | H1: =H2/'O-imap_lo_I1b_histrates_DOY058'!H2 -> 0 | I1: =I2/'O-imap_lo_I1b_histrates_DOY058'!I2 -> 0.00079470199
A2: Diff of Sums | B2: =SUM(B4:B63) -> 1 | C2: =SUM(C4:C63) -> 1 | D2: =SUM(D4:D63) -> 0 | E2: =SUM(E4:E63) -> 0 | F2: =SUM(F4:F63) -> 1 | G2: =SUM(G4:G63) -> 0 | H2: =SUM(H4:H63) -> 0 | I2: =SUM(B2:H2) -> 3
A3: SpinBins | B3: ESA1 | C3: ESA2 | D3: ESA3 | E3: ESA4 | F3: ESA5 | G3: ESA6 | H3: ESA7 | J3: NEP
A4: 0 | B4: ='O-imap_lo_I1b_histrates_DOY058'!B4-DE_DOY58_histfilter!C4 -> 0 | C4: ='O-imap_lo_I1b_histrates_DOY058'!C4-DE_DOY58_histfilter!D4 -> 0 | D4: ='O-imap_lo_I1b_histrates_DOY058'!D4-DE_DOY58_histfilter!E4 -> 0 | E4: ='O-imap_lo_I1b_histrates_DOY058'!E4-DE_DOY58_histfilter!F4 -> 0 | F4: ='O-imap_lo_I1b_histrates_DOY058'!F4-DE_DOY58_histfilter!G4 -> 0 | G4: ='O-imap_lo_I1b_histrates_DOY058'!G4-DE_DOY58_histfilter!H4 -> 0 | H4: ='O-imap_lo_I1b_histrates_DOY058'!H4-DE_DOY58_histfilter!I4 -> -1 | J4: =A4*6+3 -> 3
A5: 1 | B5: ='O-imap_lo_I1b_histrates_DOY058'!B5-DE_DOY58_histfilter!C5 -> 0 | C5: ='O-imap_lo_I1b_histrates_DOY058'!C5-DE_DOY58_histfilter!D5 -> 0 | D5: ='O-imap_lo_I1b_histrates_DOY058'!D5-DE_DOY58_histfilter!E5 -> 0 | E5: ='O-imap_lo_I1b_histrates_DOY058'!E5-DE_DOY58_histfilter!F5 -> 0 | F5: ='O-imap_lo_I1b_histrates_DOY058'!F5-DE_DOY58_histfilter!G5 -> 0 | G5: ='O-imap_lo_I1b_histrates_DOY058'!G5-DE_DOY58_histfilter!H5 -> 0 | H5: ='O-imap_lo_I1b_histrates_DOY058'!H5-DE_DOY58_histfilter!I5 -> 0 | J5: =A5*6+3 -> 9
A6: 2 | B6: ='O-imap_lo_I1b_histrates_DOY058'!B6-DE_DOY58_histfilter!C6 -> 0 | C6: ='O-imap_lo_I1b_histrates_DOY058'!C6-DE_DOY58_histfilter!D6 -> 0 | D6: ='O-imap_lo_I1b_histrates_DOY058'!D6-DE_DOY58_histfilter!E6 -> 0 | E6: ='O-imap_lo_I1b_histrates_DOY058'!E6-DE_DOY58_histfilter!F6 -> 0 | F6: ='O-imap_lo_I1b_histrates_DOY058'!F6-DE_DOY58_histfilter!G6 -> 0 | G6: ='O-imap_lo_I1b_histrates_DOY058'!G6-DE_DOY58_histfilter!H6 -> 0 | H6: ='O-imap_lo_I1b_histrates_DOY058'!H6-DE_DOY58_histfilter!I6 -> 0 | J6: =A6*6+3 -> 15
A7: 3 | B7: ='O-imap_lo_I1b_histrates_DOY058'!B7-DE_DOY58_histfilter!C7 -> 0 | C7: ='O-imap_lo_I1b_histrates_DOY058'!C7-DE_DOY58_histfilter!D7 -> 0 | D7: ='O-imap_lo_I1b_histrates_DOY058'!D7-DE_DOY58_histfilter!E7 -> 0 | E7: ='O-imap_lo_I1b_histrates_DOY058'!E7-DE_DOY58_histfilter!F7 -> 0 | F7: ='O-imap_lo_I1b_histrates_DOY058'!F7-DE_DOY58_histfilter!G7 -> 0 | G7: ='O-imap_lo_I1b_histrates_DOY058'!G7-DE_DOY58_histfilter!H7 -> 0 | H7: ='O-imap_lo_I1b_histrates_DOY058'!H7-DE_DOY58_histfilter!I7 -> 0 | J7: =A7*6+3 -> 21
A8: 4 | B8: ='O-imap_lo_I1b_histrates_DOY058'!B8-DE_DOY58_histfilter!C8 -> 0 | C8: ='O-imap_lo_I1b_histrates_DOY058'!C8-DE_DOY58_histfilter!D8 -> 0 | D8: ='O-imap_lo_I1b_histrates_DOY058'!D8-DE_DOY58_histfilter!E8 -> 0 | E8: ='O-imap_lo_I1b_histrates_DOY058'!E8-DE_DOY58_histfilter!F8 -> 0 | F8: ='O-imap_lo_I1b_histrates_DOY058'!F8-DE_DOY58_histfilter!G8 -> 0 | G8: ='O-imap_lo_I1b_histrates_DOY058'!G8-DE_DOY58_histfilter!H8 -> 0 | H8: ='O-imap_lo_I1b_histrates_DOY058'!H8-DE_DOY58_histfilter!I8 -> 0 | J8: =A8*6+3 -> 27
A9: 5 | B9: ='O-imap_lo_I1b_histrates_DOY058'!B9-DE_DOY58_histfilter!C9 -> 0 | C9: ='O-imap_lo_I1b_histrates_DOY058'!C9-DE_DOY58_histfilter!D9 -> 0 | D9: ='O-imap_lo_I1b_histrates_DOY058'!D9-DE_DOY58_histfilter!E9 -> 0 | E9: ='O-imap_lo_I1b_histrates_DOY058'!E9-DE_DOY58_histfilter!F9 -> 0 | F9: ='O-imap_lo_I1b_histrates_DOY058'!F9-DE_DOY58_histfilter!G9 -> 0 | G9: ='O-imap_lo_I1b_histrates_DOY058'!G9-DE_DOY58_histfilter!H9 -> 0 | H9: ='O-imap_lo_I1b_histrates_DOY058'!H9-DE_DOY58_histfilter!I9 -> 0 | J9: =A9*6+3 -> 33
A10: 6 | B10: ='O-imap_lo_I1b_histrates_DOY058'!B10-DE_DOY58_histfilter!C10 -> 0 | C10: ='O-imap_lo_I1b_histrates_DOY058'!C10-DE_DOY58_histfilter!D10 -> 0 | D10: ='O-imap_lo_I1b_histrates_DOY058'!D10-DE_DOY58_histfilter!E10 -> 0 | E10: ='O-imap_lo_I1b_histrates_DOY058'!E10-DE_DOY58_histfilter!F10 -> 1 | F10: ='O-imap_lo_I1b_histrates_DOY058'!F10-DE_DOY58_histfilter!G10 -> 1 | G10: ='O-imap_lo_I1b_histrates_DOY058'!G10-DE_DOY58_histfilter!H10 -> 0 | H10: ='O-imap_lo_I1b_histrates_DOY058'!H10-DE_DOY58_histfilter!I10 -> 0 | J10: =A10*6+3 -> 39
A11: 7 | B11: ='O-imap_lo_I1b_histrates_DOY058'!B11-DE_DOY58_histfilter!C11 -> 0 | C11: ='O-imap_lo_I1b_histrates_DOY058'!C11-DE_DOY58_histfilter!D11 -> 0 | D11: ='O-imap_lo_I1b_histrates_DOY058'!D11-DE_DOY58_histfilter!E11 -> 0 | E11: ='O-imap_lo_I1b_histrates_DOY058'!E11-DE_DOY58_histfilter!F11 -> -1 | F11: ='O-imap_lo_I1b_histrates_DOY058'!F11-DE_DOY58_histfilter!G11 -> 0 | G11: ='O-imap_lo_I1b_histrates_DOY058'!G11-DE_DOY58_histfilter!H11 -> 0 | H11: ='O-imap_lo_I1b_histrates_DOY058'!H11-DE_DOY58_histfilter!I11 -> 0 | J11: =A11*6+3 -> 45
A12: 8 | B12: ='O-imap_lo_I1b_histrates_DOY058'!B12-DE_DOY58_histfilter!C12 -> 0 | C12: ='O-imap_lo_I1b_histrates_DOY058'!C12-DE_DOY58_histfilter!D12 -> 0 | D12: ='O-imap_lo_I1b_histrates_DOY058'!D12-DE_DOY58_histfilter!E12 -> 0 | E12: ='O-imap_lo_I1b_histrates_DOY058'!E12-DE_DOY58_histfilter!F12 -> 1 | F12: ='O-imap_lo_I1b_histrates_DOY058'!F12-DE_DOY58_histfilter!G12 -> 0 | G12: ='O-imap_lo_I1b_histrates_DOY058'!G12-DE_DOY58_histfilter!H12 -> 0 | H12: ='O-imap_lo_I1b_histrates_DOY058'!H12-DE_DOY58_histfilter!I12 -> 0 | J12: =A12*6+3 -> 51
A13: 9 | B13: ='O-imap_lo_I1b_histrates_DOY058'!B13-DE_DOY58_histfilter!C13 -> 0 | C13: ='O-imap_lo_I1b_histrates_DOY058'!C13-DE_DOY58_histfilter!D13 -> 0 | D13: ='O-imap_lo_I1b_histrates_DOY058'!D13-DE_DOY58_histfilter!E13 -> 0 | E13: ='O-imap_lo_I1b_histrates_DOY058'!E13-DE_DOY58_histfilter!F13 -> -1 | F13: ='O-imap_lo_I1b_histrates_DOY058'!F13-DE_DOY58_histfilter!G13 -> 0 | G13: ='O-imap_lo_I1b_histrates_DOY058'!G13-DE_DOY58_histfilter!H13 -> 0 | H13: ='O-imap_lo_I1b_histrates_DOY058'!H13-DE_DOY58_histfilter!I13 -> 0 | J13: =A13*6+3 -> 57
A14: 10 | B14: ='O-imap_lo_I1b_histrates_DOY058'!B14-DE_DOY58_histfilter!C14 -> 0 | C14: ='O-imap_lo_I1b_histrates_DOY058'!C14-DE_DOY58_histfilter!D14 -> 1 | D14: ='O-imap_lo_I1b_histrates_DOY058'!D14-DE_DOY58_histfilter!E14 -> 2 | E14: ='O-imap_lo_I1b_histrates_DOY058'!E14-DE_DOY58_histfilter!F14 -> 1 | F14: ='O-imap_lo_I1b_histrates_DOY058'!F14-DE_DOY58_histfilter!G14 -> 0 | G14: ='O-imap_lo_I1b_histrates_DOY058'!G14-DE_DOY58_histfilter!H14 -> 0 | H14: ='O-imap_lo_I1b_histrates_DOY058'!H14-DE_DOY58_histfilter!I14 -> 0 | J14: =A14*6+3 -> 63
A15: 11 | B15: ='O-imap_lo_I1b_histrates_DOY058'!B15-DE_DOY58_histfilter!C15 -> 3 | C15: ='O-imap_lo_I1b_histrates_DOY058'!C15-DE_DOY58_histfilter!D15 -> 3 | D15: ='O-imap_lo_I1b_histrates_DOY058'!D15-DE_DOY58_histfilter!E15 -> 5 | E15: ='O-imap_lo_I1b_histrates_DOY058'!E15-DE_DOY58_histfilter!F15 -> 5 | F15: ='O-imap_lo_I1b_histrates_DOY058'!F15-DE_DOY58_histfilter!G15 -> 0 | G15: ='O-imap_lo_I1b_histrates_DOY058'!G15-DE_DOY58_histfilter!H15 -> 0 | H15: ='O-imap_lo_I1b_histrates_DOY058'!H15-DE_DOY58_histfilter!I15 -> 0 | J15: =A15*6+3 -> 69
... A63: 59 | B63: ='O-imap_lo_I1b_histrates_DOY058'!B63-DE_DOY58_histfilter!C63 -> 0 | C63: ='O-imap_lo_I1b_histrates_DOY058'!C63-DE_DOY58_histfilter!D63 -> 0 | D63: ='O-imap_lo_I1b_histrates_DOY058'!D63-DE_DOY58_histfilter!E63 -> 0 | E63: ='O-imap_lo_I1b_histrates_DOY058'!E63-DE_DOY58_histfilter!F63 -> 0 | F63: ='O-imap_lo_I1b_histrates_DOY058'!F63-DE_DOY58_histfilter!G63 -> 0 | G63: ='O-imap_lo_I1b_histrates_DOY058'!G63-DE_DOY58_histfilter!H63 -> 0 | H63: ='O-imap_lo_I1b_histrates_DOY058'!H63-DE_DOY58_histfilter!I63 -> 1 | J63: =A63*6+3 -> 357
