Workbook

Sheet Version history
A2: Version | B2: editor | C2: date | D2: change
A3: 20241217_fin_cal1_H_GF_bower.xlsx | B3: Jon B | C3: 20241217 | D3: initial generation of this table
A4: V002 | B4: Jon B | C4: 2025-03-20 | D4: updated grid and spoke tranparencies to actual values.
C5: 2025-03-24 | D5: add input of version of data and fit parameters in model regression 'fin_cal1_H_KE_Response_vals'
A6: V003 | B6: Jon B | C6: 2025-03-27 | D6: updated H Response function to new DER measurements
B7: Jon B | C7: 2025-04-07 | D7: Removed incorrect calculation of mean energy loss. Fixed intrinsic center energy values and added key to H energy loss
B8: Jon B | C8: 2025-04-08 | D8: Added O Ke Response Results and resulting GF calculation
A9: V004 | B9: Jon B | C9: 2025-05-16 | D9: updated abs GF and added error per Fatemeh input
A10: v005 | B10: Jon B | C10: 2026-01-22 | D10: added baseline GF calculation for He
B11: Jon B | C11: 2026-01-28 | D11: Added baseline GF calculation for Ne
B12: Jon B | C12: 2026-01-29 | D12: added sputtering GF comparison with IBEX
A13: v006 | B13: Jon B | C13: 2026-03-04 | D13: Added Model-error estimation for H and O
B14: jon B | C14: 2026-03-11 | D14: Added error estimation for O Esteps 1-6
B15: Jon B | C15: 2026-03-19 | D15: Bug fix in O GF calculation, ESA-CS efficiency previously reported from H values, not correctly copy-pasted :(
B16: Fatemeh R | C16: 2026-03-04 | D16: Added Peak-location error to O-KE_Respons_vals for center E / added dGF to H GF and O GF
B17: Fatemeh R | C17: 2026-03-20 | D17: Fixed Effic_ESA-CS Mean in O GF / Updated Model Fit Residual in O Error

Sheet GridsAndSpokes
A1: Grid Name | B1: Trans [%] | C1: Reference | D1: Comments
A2: p10 grid and spokes | B2: 0.85 | C2: 20240804_p10_P2_GridsNspokes_SR.pdf | D2: [.91 (12/17/2024)] [.89(12/17/2024 per Fatemeh txt)]
A3: p2 Spokes | B3: 0.9363 | C3: 20240804_p10_P2_GridsNspokes_SR.pdf | D3: Also per supplemental document
A4: ToF Enterance Grid | B4: 0.682 | C4: 20250313_ToFEnterance_GridsNspokes_CF.pdf
A5: Coll spokes | B5: =1/0.96 -> 1.0416667 | C5: Model, cal from same study I did looking at 92 spokes | D5: value is >1 because the total open area of the collimator ( and thus the coll spokes are included in the absolute geometric factor)
D6: Total Transparency
D7: =PRODUCT(B2:B5) -> 0.56538866

Sheet H GF
A1: Hydrogen | B1: value | C1: Unit | D1: Ref | E1: Comment
A2: TOF Efficiency | B2: 0.25 | C2: % | D2: Final Cal 12/18/2024
A3: Absolute GF | B3: 2.18 | C3: cm^2sr | D3: F. Rahmanifard 5/16/2025
A4: Total Grid Transparency | B4: =GridsAndSpokes!D7 -> 0.56538866 | C4: [%]
H5: ESA-CS Eff Error
A6: =H_KE_Response_vals!A3 -> E_mode | B6: =H_KE_Response_vals!B3 -> estep | C6: =H_KE_Response_vals!C3 -> scale_fact | D6: =H_KE_Response_vals!F3 -> de_e | E6: =H_KE_Response_vals!H3 -> Effic_ESA-CS Mean |FWHM| | F6: GF | G6: Comments | H6: dESA-CS (fit) | I6: dN_abm | J6: dCS-Facet | K6: dN_IMAP-lo | L6: dEff_ESA-CS Mean
C7: [U+_n/U+_6] | D7: [ke/ke] | E7: [%] | F7: [cm^2stkeV/keV]
A8: =H_KE_Response_vals!A4 -> HiRes | B8: =H_KE_Response_vals!B4 -> 1 | C8: =H_KE_Response_vals!C4 -> 0.0347 | D8: =H_KE_Response_vals!F4 -> 0.66043726 | E8: =H_KE_Response_vals!H4 -> 0.00031394021 | F8: =E8*D8*$B$2*$B$3*$B$4 -> 6.3888414e-05 | G8: Extrapolated
A9: =H_KE_Response_vals!A5 -> HiRes | B9: =H_KE_Response_vals!B5 -> 2 | C9: =H_KE_Response_vals!C5 -> 0.067 | D9: =H_KE_Response_vals!F5 -> 0.66027447 | E9: =H_KE_Response_vals!H5 -> 0.00035399726 | F9: =E9*D9*$B$2*$B$3*$B$4 -> 7.2022468e-05 | G9: Extrapolated
A10: =H_KE_Response_vals!A6 -> HiRes | B10: =H_KE_Response_vals!B6 -> 3 | C10: =H_KE_Response_vals!C6 -> 0.1287 | D10: =H_KE_Response_vals!F6 -> 0.68088752 | E10: =H_KE_Response_vals!H6 -> 0.00041824048 | F10: =E10*D10*$B$2*$B$3*$B$4 -> 8.7749576e-05 | H10: 0.386557 | I10: 0.57735 | J10: 0.042134 | K10: 0.062363 | L10: 0.698873
A11: =H_KE_Response_vals!A7 -> HiRes | B11: =H_KE_Response_vals!B7 -> 4 | C11: =H_KE_Response_vals!C7 -> 0.2533 | D11: =H_KE_Response_vals!F7 -> 0.65231836 | E11: =H_KE_Response_vals!H7 -> 0.00050757987 | F11: =E11*D11*$B$2*$B$3*$B$4 -> 0.00010202523 | H11: 0.269798 | I11: 0.02005 | J11: 0.042134 | K11: 0.01537 | L11: 0.274235
A12: =H_KE_Response_vals!A8 -> HiRes | B12: =H_KE_Response_vals!B8 -> 5 | C12: =H_KE_Response_vals!C8 -> 0.4884 | D12: =H_KE_Response_vals!F8 -> 0.65036334 | E12: =H_KE_Response_vals!H8 -> 0.00063597337 | F12: =E12*D12*$B$2*$B$3*$B$4 -> 0.00012744963 | H12: 0.307609 | I12: 0.016777 | J12: 0.042134 | K12: 0.094491 | L12: 0.324974
A13: =H_KE_Response_vals!A9 -> HiRes | B13: =H_KE_Response_vals!B9 -> 6 | C13: =H_KE_Response_vals!C9 -> 1 | D13: =H_KE_Response_vals!F9 -> 0.67176581 | E13: =H_KE_Response_vals!H9 -> 0.00077669344 | F13: =E13*D13*$B$2*$B$3*$B$4 -> 0.00016077226 | H13: 0.105297 | I13: 0.000506 | J13: 0.042134 | K13: 0.013718 | L13: 0.114241
A14: =H_KE_Response_vals!A10 -> HiRes | B14: =H_KE_Response_vals!B10 -> 7 | C14: =H_KE_Response_vals!C10 -> 1.9378 | D14: =H_KE_Response_vals!F10 -> 0.717793 | E14: =H_KE_Response_vals!H10 -> 0.00092198622 | F14: =E14*D14*$B$2*$B$3*$B$4 -> 0.00020392348 | H14: 0.041882 | I14: 0.001248 | J14: 0.042134 | K14: 0.022383 | L14: 0.063498
A15: =H_KE_Response_vals!A11 -> HiTh | B15: =H_KE_Response_vals!B11 -> 1 | C15: =H_KE_Response_vals!C11 -> 0.0347 | D15: =H_KE_Response_vals!F11 -> 1.0313312 | E15: =H_KE_Response_vals!H11 -> 0.00047571 | F15: =E15*D15*$B$2*$B$3*$B$4 -> 0.00015117641 | G15: Extrapolated
A16: =H_KE_Response_vals!A12 -> HiTh | B16: =H_KE_Response_vals!B12 -> 2 | C16: =H_KE_Response_vals!C12 -> 0.067 | D16: =H_KE_Response_vals!F12 -> 0.99996676 | E16: =H_KE_Response_vals!H12 -> 0.00056522706 | F16: =E16*D16*$B$2*$B$3*$B$4 -> 0.00017416148 | G16: Extrapolated
A17: =H_KE_Response_vals!A13 -> HiTh | B17: =H_KE_Response_vals!B13 -> 3 | C17: =H_KE_Response_vals!C13 -> 0.1287 | D17: =H_KE_Response_vals!F13 -> 0.96132318 | E17: =H_KE_Response_vals!H13 -> 0.00069590846 | F17: =E17*D17*$B$2*$B$3*$B$4 -> 0.00020614135 | H17: 0.174975 | I17: 0.57735 | J17: 0.042134 | K17: 0.044544 | L17: 0.60639
A18: =H_KE_Response_vals!A14 -> HiTh | B18: =H_KE_Response_vals!B14 -> 4 | C18: =H_KE_Response_vals!C14 -> 0.2533 | D18: =H_KE_Response_vals!F14 -> 0.93545686 | E18: =H_KE_Response_vals!H14 -> 0.00086088722 | F18: =E18*D18*$B$2*$B$3*$B$4 -> 0.00024814962 | H18: 0.356163 | I18: 0.02005 | J18: 0.042134 | K18: 0.010917 | L18: 0.359372
A19: =H_KE_Response_vals!A15 -> HiTh | B19: =H_KE_Response_vals!B15 -> 5 | C19: =H_KE_Response_vals!C15 -> 0.4884 | D19: =H_KE_Response_vals!F15 -> 0.99142872 | E19: =H_KE_Response_vals!H15 -> 0.0010047917 | F19: =E19*D19*$B$2*$B$3*$B$4 -> 0.00030695953 | H19: 0.272638 | I19: 0.016777 | J19: 0.042134 | K19: 0.059235 | L19: 0.28266
A20: =H_KE_Response_vals!A16 -> HiTh | B20: =H_KE_Response_vals!B16 -> 6 | C20: =H_KE_Response_vals!C16 -> 1 | D20: =H_KE_Response_vals!F16 -> 1.0070469 | E20: =H_KE_Response_vals!H16 -> 0.0013007538 | F20: =E20*D20*$B$2*$B$3*$B$4 -> 0.00040363458 | H20: 0.103263 | I20: 0.000506 | J20: 0.042134 | K20: 0.010284 | L20: 0.112003
A21: =H_KE_Response_vals!A17 -> HiTh | B21: =H_KE_Response_vals!B17 -> 7 | C21: =H_KE_Response_vals!C17 -> 1.9378 | D21: =H_KE_Response_vals!F17 -> 1.0139866 | E21: =H_KE_Response_vals!H17 -> 0.0016544509 | F21: =E21*D21*$B$2*$B$3*$B$4 -> 0.00051692754 | H21: 0.032894 | I21: 0.001248 | J21: 0.042134 | K21: 0.012752 | L21: 0.054968

Sheet O_KE_Response_vals
A1: Species | B1: O
A2: Fit type: | B2: log_gauss
A3: E_mode | B3: estep | C3: scale_fact | D3: peak [eV] | E3: fwhm [eV] | F3: de_e | G3: Effic_ESA-CS max | H3: Effic_ESA-CS Mean |FWHM| | I3: p0[a,sigma,mu]: y = a*(x*\sigma*\sqrt{2*\pi})^{-1}\exp{-(\log(x) - \mu)^2/(2\sigma^2)} | J3: p0_err | K3: ESA-CS Intrinsic CE | L3: KE_loss
A4: HiRes | B4: 1 | C4: 0.0347 | D4: 19.192097 | E4: 20.560681 | F4: 1.0713098 | G4: 0.00010138814 | H4: 7.8548966e-05 | I4: [2.33682783e-03 4.35718181e-01 3.14433977e+00] | J4: [9.89917516e-05 1.72087448e-02 2.26461447e-02] | K4: 11.337748 | L4: =K4/D4 -> 0.59075086
A5: HiRes | B5: 2 | C5: 0.067 | D5: 36.753142 | E5: 35.680107 | F5: 0.97080426 | G5: 0.00017874031 | H5: 0.00013945174 | I5: [0.00708144 0.3973185 3.76230749] | J5: [0.0002669 0.01435541 0.01831059] | K5: 21.605111 | L5: =K5/D5 -> 0.58784392
A6: HiRes | B6: 3 | C6: 0.1287 | D6: 71.209443 | E6: 71.680715 | F6: 1.0066181 | G6: 0.00029014812 | H6: 0.00022584743 | I6: [0.02317395 0.4111746 4.43472341] | J6: [0.0009584 0.01609461 0.02083546] | K6: 40.908564 | L6: =K6/D6 -> 0.57448229
A7: HiRes | B7: 4 | C7: 0.2533 | D7: 141.41339 | E7: 147.07766 | F7: 1.0400547 | G7: 0.00045435916 | H7: 0.00035277096 | I7: [0.07467691 0.42375507 5.13148341] | J7: [0.00344788 0.01836809 0.02399327] | K7: 81.620316 | L7: =K7/D7 -> 0.57717531
A8: HiRes | B8: 5 | C8: 0.4884 | D8: 273.99566 | E8: 297.01241 | F8: 1.0840041 | G8: 0.00066887546 | H8: 0.00051762007 | I8: [0.22283057 0.44032831 5.80680964] | J8: [0.00928949 0.01713908 0.02250074] | K8: 155.61623 | L8: =K8/D8 -> 0.56795146
A9: HiRes | B9: 6 | C9: 1 | D9: 585.0293 | E9: 702.28641 | F9: 1.2004295 | G9: 0.0011364384 | H9: 0.00087118479 | I9: [0.90550887 0.48351008 6.60523335] | J9: [0.03851489 0.01844697 0.02534967] | K9: 320.14235 | L9: =K9/D9 -> 0.54722447
A10: HiRes | B10: 7 | C10: 1.9378 | D10: 1135.0642 | E10: 1344.3984 | F10: 1.184425 | G10: 0.0017827455 | H10: 0.0013681772 | I10: [2.71377238 0.47737851 7.26239252] | J10: [0.13292328 0.02091848 0.02885354] | K10: 618.72327 | L10: =K10/D10 -> 0.5450998
A11: HiTh | B11: 1 | C11: 0.0347 | D11: 20.433036 | E11: 33.681928 | F11: 1.6484055 | G11: 0.00017693341 | H11: 0.00012955015 | I11: [0.00708839 0.63798117 3.42445785] | J11: [0.00019892 0.01356994 0.02228351] | K11: 11.260513 | L11: =K11/D11 -> 0.55109352
A12: HiTh | B12: 2 | C12: 0.067 | D12: 39.715918 | E12: 61.497914 | F12: 1.548445 | G12: 0.00030126993 | H12: 0.00022308806 | I12: [0.02179638 0.60513381 4.04795327] | J12: [0.00052802 0.01153368 0.01824901] | K12: 21.742012 | L12: =K12/D12 -> 0.54743822
A13: HiTh | B13: 3 | C13: 0.1287 | D13: 76.484352 | E13: 113.24781 | F13: 1.4806663 | G13: 0.00051387424 | H13: 0.00038327569 | I13: [0.06792887 0.58210501 4.67582685] | J13: [0.00195245 0.01349505 0.02081633] | K13: 41.452768 | L13: =K13/D13 -> 0.54197711
A14: HiTh | B14: 4 | C14: 0.2533 | D14: 153.52661 | E14: 240.63597 | F14: 1.5673893 | G14: 0.0008725177 | H14: 0.00064473833 | I14: [0.24749292 0.61144643 5.40767708] | J14: [0.00580131 0.01118865 0.01785659] | K14: 80.971871 | L14: =K14/D14 -> 0.52741262
A15: HiTh | B15: 5 | C15: 0.4884 | D15: 298.46437 | E15: 471.75584 | F15: 1.5806102 | G15: 0.0014126805 | H15: 0.001042358 | I15: [0.78669072 0.61584467 6.07780049] | J15: [0.02337545 0.01420873 0.02280553] | K15: 155.31707 | L15: =K15/D15 -> 0.52038729
... A17: HiTh | B17: 7 | C17: 1.9378 | D17: 1242.82 | E17: 1967.9149 | F17: 1.5834271 | G17: 0.0036989595 | H17: 0.0027281264 | I17: [8.59302422 0.61660314 7.50534532] | J17: [0.25331923 0.01406093 0.02269158] | K17: 617.91437 | L17: =K17/D17 -> 0.49718733
A19: Fit Error
A20: E_mode | B20: estep | C20: sigma | D20: mu | E20: delta-sgima_rel | F20: delta-mu_rel | G20: delta-sigma | H20: delt-mu | I20: x_peak = exp(mu -sigma^2) | J20: delta_x_peak = peak * sqrt(delta_mu^2 + (2*sigma*delta_sigma))
A21: HiRes | B21: 1 | C21: 0.43571818 | D21: 3.1443398 | E21: 0.017208745 | F21: 0.022646145 | G21: =E21*C21 -> 0.007498163 | H21: =F21*D21 -> 0.071207173 | I21: =EXP(D21-C21*C21) -> 19.191922 | J21: =I21*SQRT(H21*H21 + (4*G21*G21*C21*C21)) -> 1.3723441
A22: HiRes | B22: 2 | C22: 0.3973185 | D22: 3.7623075 | E22: 0.01435541 | F22: 0.01831059 | G22: =E22*C22 -> 0.00570367 | H22: =F22*D22 -> 0.06889007 | I22: =EXP(D22-C22*C22) -> 36.761294 | J22: =I22*SQRT(H22*H22 + (4*G22*G22*C22*C22)) -> 2.5379631
A23: HiRes | B23: 3 | C23: 0.4111746 | D23: 4.4347234 | E23: 0.01609461 | F23: 0.02083546 | G23: =E23*C23 -> 0.0066176948 | H23: =F23*D23 -> 0.092399502 | I23: =EXP(D23-C23*C23) -> 71.211823 | J23: =I23*SQRT(H23*H23 + (4*G23*G23*C23*C23)) -> 6.5913396
A24: HiRes | B24: 4 | C24: 0.42375507 | D24: 5.1314834 | E24: 0.01836809 | F24: 0.02399327 | G24: =E24*C24 -> 0.0077835713 | H24: =F24*D24 -> 0.12312107 | I24: =EXP(D24-C24*C24) -> 141.44558 | J24: =I24*SQRT(H24*H24 + (4*G24*G24*C24*C24)) -> 17.439909
A25: HiRes | B25: 5 | C25: 0.44032831 | D25: 5.8068096 | E25: 0.01713908 | F25: 0.02250074 | G25: =E25*C25 -> 0.0075468221 | H25: =F25*D25 -> 0.13065751 | I25: =EXP(D25-C25*C25) -> 273.94315 | J25: =I25*SQRT(H25*H25 + (4*G25*G25*C25*C25)) -> 35.839008
A26: HiRes | B26: 6 | C26: 0.48351008 | D26: 6.6052333 | E26: 0.01844697 | F26: 0.02534967 | G26: =E26*C26 -> 0.0089192959 | H26: =F26*D26 -> 0.16744049 | I26: =EXP(D26-C26*C26) -> 584.90612 | J26: =I26*SQRT(H26*H26 + (4*G26*G26*C26*C26)) -> 98.066814
A27: HiRes | B27: 7 | C27: 0.47737851 | D27: 7.2623925 | E27: 0.02091848 | F27: 0.02885354 | G27: =E27*C27 -> 0.0099860328 | H27: =F27*D27 -> 0.20954573 | I27: =EXP(D27-C27*C27) -> 1135.1298 | J27: =I27*SQRT(H27*H27 + (4*G27*G27*C27*C27)) -> 238.10769
A28: HiTh | B28: 1 | C28: 0.63798117 | D28: 3.4244579 | E28: 0.01356994 | F28: 0.02228351 | G28: =E28*C28 -> 0.0086573662 | H28: =F28*D28 -> 0.076308941 | I28: =EXP(D28-C28*C28) -> 20.438858 | J28: =I28*SQRT(H28*H28 + (4*G28*G28*C28*C28)) -> 1.5759246
A29: HiTh | B29: 2 | C29: 0.60513381 | D29: 4.0479533 | E29: 0.01153368 | F29: 0.01824901 | G29: =E29*C29 -> 0.0069794197 | H29: =F29*D29 -> 0.07387114 | I29: =EXP(D29-C29*C29) -> 39.716485 | J29: =I29*SQRT(H29*H29 + (4*G29*G29*C29*C29)) -> 2.9530206
A30: HiTh | B30: 3 | C30: 0.58210501 | D30: 4.6758268 | E30: 0.01349505 | F30: 0.02081633 | G30: =E30*C30 -> 0.0078555362 | H30: =F30*D30 -> 0.097333555 | I30: =EXP(D30-C30*C30) -> 76.476278 | J30: =I30*SQRT(H30*H30 + (4*G30*G30*C30*C30)) -> 7.4764944
A31: HiTh | B31: 4 | C31: 0.61144643 | D31: 5.4076771 | E31: 0.01118865 | F31: 0.01785659 | G31: =E31*C31 -> 0.0068412601 | H31: =F31*D31 -> 0.096562672 | I31: =EXP(D31-C31*C31) -> 153.51685 | J31: =I31*SQRT(H31*H31 + (4*G31*G31*C31*C31)) -> 14.879531
A32: HiTh | B32: 5 | C32: 0.61584467 | D32: 6.0778005 | E32: 0.01420873 | F32: 0.02280553 | G32: =E32*C32 -> 0.0087503706 | H32: =F32*D32 -> 0.13860746 | I32: =EXP(D32-C32*C32) -> 298.43013 | J32: =I32*SQRT(H32*H32 + (4*G32*G32*C32*C32)) -> 41.489503
... A34: HiTh | B34: 7 | C34: 0.61660314 | D34: 7.5053453 | E34: 0.01406093 | F34: 0.02269158 | G34: =E34*C34 -> 0.0086700136 | H34: =F34*D34 -> 0.17030814 | I34: =EXP(D34-C34*C34) -> 1242.8295 | J34: =I34*SQRT(H34*H34 + (4*G34*G34*C34*C34)) -> 212.08069
A36: Regression Information
A37: DER measurements | B37: 20250331-FMv3_T105_PSPL_FinalCal_DER.csv
A38: Model regression notebook: | B38: 20250408_FinalCal_DER1 O Model Regression
A39: Regression Results | B39: 20250331-FMv3_T105_PSPL_FinalCal_DER_O_SIM.csv
A40: Model Energy Response Calc | B40: 20250408_FinalCal_O Response
A41: Model Simulator CS cal settings | B41: fin_cal_O_2
A45: Key
A46: ESA_CS Intrinsic CE | B46: Intrinsic center energy of the ESA-CS subsystem, Energy response peak location of particles recoiling from CS, determined through fitting

Sheet H_KE_Response_vals
A1: Species | B1: H
A2: Fit Type | B2: gauss
A3: E_mode | B3: estep | C3: scale_fact | D3: peak [eV] | E3: fwhm [eV] | F3: de_e | G3: Effic_ESA-CS max | H3: Effic_ESA-CS Mean |FWHM| | I3: p0['a','x0','sigma']: y = a*e^{\dfrac{-(x-x0)^2}{2*\sigma**2} | J3: p0_err | K3: ESA-CS Intrinsic CE | L3: KE_loss
A4: HiRes | B4: 1 | C4: 0.0347 | D4: 16.326061 | E4: 10.782339 | F4: 0.66043726 | G4: 0.00038904578 | H4: 0.00031394021 | I4: [3.89045837e-04 1.63285280e+01 4.57952884e+00] | J4: [6.12266243e-06 8.32195609e-02 8.32304205e-02] | K4: 11.337748 | L4: =K4/D4 -> 0.69445703
A5: HiRes | B5: 2 | C5: 0.067 | D5: 30.472597 | E5: 20.120278 | F5: 0.66027447 | G5: 0.00043861477 | H5: 0.00035399726 | I5: [4.38614770e-04 3.04730207e+01 8.54915086e+00] | J5: [7.61337476e-06 1.71348684e-01 1.71360937e-01] | K5: 21.605111 | L5: =K5/D5 -> 0.70900131
A6: HiRes | B6: 3 | C6: 0.1287 | D6: 55.763858 | E6: 37.968915 | F6: 0.68088752 | G6: 0.00051825992 | H6: 0.00041824048 | I6: [5.18260005e-04 5.57730958e+01 1.61294226e+01] | J6: [1.05365676e-05 3.78643982e-01 3.78680803e-01] | K6: 40.908564 | L6: =K6/D6 -> 0.73360355
A7: HiRes | B7: 4 | C7: 0.2533 | D7: 106.25772 | E7: 69.313863 | F7: 0.65231836 | G7: 0.00062909748 | H7: 0.00050757987 | I7: [6.29097720e-04 1.06283504e+02 2.94289070e+01] | J7: [1.10745684e-05 5.98207828e-01 5.98226749e-01] | K7: 81.620316 | L7: =K7/D7 -> 0.76813539
A8: HiRes | B8: 5 | C8: 0.4884 | D8: 200.03526 | E8: 130.0956 | F8: 0.65036334 | G8: 0.00078823785 | H8: 0.00063597337 | I8: [7.88237930e-04 2.00011130e+02 5.52337354e+01] | J8: [1.86136138e-05 1.50609396e+00 1.50613394e+00] | K8: 155.61623 | L8: =K8/D8 -> 0.777944
A9: HiRes | B9: 6 | C9: 1 | D9: 404.95508 | E9: 272.03498 | F9: 0.67176581 | G9: 0.00096262205 | H9: 0.00077669344 | I9: [9.62622378e-04 4.04859947e+02 1.15504197e+02] | J9: [2.19015238e-05 3.03448358e+00 3.03464171e+00] | K9: 320.14235 | L9: =K9/D9 -> 0.79056262
A10: HiRes | B10: 7 | C10: 1.9378 | D10: 787.29282 | E10: 565.11327 | F10: 0.717793 | G10: 0.0011426382 | H10: 0.00092198622 | I10: [1.14263827e-03 7.87201212e+02 2.39974360e+02] | J10: [2.86385838e-05 6.94483444e+00 6.94618144e+00] | K10: 618.72327 | L10: =K10/D10 -> 0.78588711
A11: HiTh | B11: 1 | C11: 0.0347 | D11: 17.192253 | E11: 17.730907 | F11: 1.0313312 | G11: 0.00058957063 | H11: 0.00047571 | I11: [5.89570693e-04 1.71957216e+01 7.52898623e+00] | J11: [8.11260625e-06 1.19590384e-01 1.22666939e-01] | K11: 11.260513 | L11: =K11/D11 -> 0.654976
A12: HiTh | B12: 2 | C12: 0.067 | D12: 32.364639 | E12: 32.363563 | F12: 0.99996676 | G12: 0.00070051703 | H12: 0.00056522706 | I12: [7.00517158e-04 3.23729128e+01 1.37421978e+01] | J12: [9.48197039e-06 2.14594201e-01 2.18245616e-01] | K12: 21.742012 | L12: =K12/D12 -> 0.67178291
A13: HiTh | B13: 3 | C13: 0.1287 | D13: 59.484483 | E13: 57.183812 | F13: 0.96132318 | G13: 0.00086250773 | H13: 0.00069590846 | I13: [8.62507733e-04 5.94864154e+01 2.42791882e+01] | J13: [1.34358197e-05 4.36315151e-01 4.41120932e-01] | K13: 41.452768 | L13: =K13/D13 -> 0.69686692
A14: HiTh | B14: 4 | C14: 0.2533 | D14: 114.41468 | E14: 107.03 | F14: 0.93545686 | G14: 0.0010668867 | H14: 0.00086088722 | I14: [1.06688675e-03 1.14404657e+02 4.54534004e+01] | J14: [1.59153795e-05 7.82313926e-01 7.88580576e-01] | K14: 80.971871 | L14: =K14/D14 -> 0.70770526
A15: HiTh | B15: 5 | C15: 0.4884 | D15: 213.69639 | E15: 211.86474 | F15: 0.99142872 | G15: 0.0012452408 | H15: 0.0010047917 | I15: [1.24524106e-03 2.13754873e+02 8.99716991e+01] | J15: [1.89783557e-05 1.58185626e+00 1.60224168e+00] | K15: 155.31707 | L15: =K15/D15 -> 0.72681184
... A17: HiTh | B17: 7 | C17: 1.9378 | D17: 838.87929 | E17: 850.61233 | F17: 1.0139866 | G17: 0.0020507221 | H17: 0.0016544509 | I17: [2.05072206e-03 8.38851936e+02 3.61064426e+02] | J17: [3.92081575e-05 7.96369152e+00 8.08305340e+00] | K17: 617.91437 | L17: =K17/D17 -> 0.73659509
A19: Regression Information
A20: DER measurements | B20: 20250326-FMv3_T105_PSPL_FinalCal_DER.csv
A21: Model regression notebook: | B21: 20250327_FinalCal_DER1 H Model Regression.ipynb
A22: Regression Results | B22: 20250326-FMv3_T105_PSPL_FinalCal_DER_H_SIM.csv
A23: Model Energy Response Calc | B23: 20250327_FinalCal_H Response.ipynb
A24: Model Simulator CS cal settings | B24: fin_cal_H_3
A25: Error Analysis | B25: 20250520 Final Cal Result Error H
A27: Key
A28: ESA_CS Intrinsic CE | B28: Intrinsic center energy of the ESA-CS subsystem, Energy response peak location of particles recoiling from CS, determined through fitting

Sheet O GF
A1: Oxygen | B1: value | C1: Unit | D1: Ref | E1: Comment
A2: TOF Efficiency | B2: 0.3 | C2: % | D2: Final Cal 12/18/2024
A3: Absolute GF | B3: 2.18 | C3: cm^2sr | D3: F. Rahmanifard 5/16/2025
A4: Total Grid Transparency | B4: =GridsAndSpokes!D7 -> 0.56538866 | C4: [%]
A6: =H_KE_Response_vals!A3 -> E_mode | B6: =H_KE_Response_vals!B3 -> estep | C6: =H_KE_Response_vals!C3 -> scale_fact | D6: =H_KE_Response_vals!F3 -> de_e | E6: =H_KE_Response_vals!H3 -> Effic_ESA-CS Mean |FWHM| | F6: GF | G6: Comments
C7: [U+_n/U+_6] | D7: [ke/ke] | E7: [%] | F7: [cm^2stkeV/keV]
A8: =O_KE_Response_vals!A4 -> HiRes | B8: =O_KE_Response_vals!B4 -> 1 | C8: =O_KE_Response_vals!C4 -> 0.0347 | D8: =O_KE_Response_vals!F4 -> 1.0713098 | E8: =O_KE_Response_vals!H4 -> 7.8548966e-05 | F8: =E8*D8*$B$2*$B$3*$B$4 -> 3.1115758e-05 | G8: Extrapolated
A9: =O_KE_Response_vals!A5 -> HiRes | B9: =O_KE_Response_vals!B5 -> 2 | C9: =O_KE_Response_vals!C5 -> 0.067 | D9: =O_KE_Response_vals!F5 -> 0.97080426 | E9: =O_KE_Response_vals!H5 -> 0.00013945174 | F9: =E9*D9*$B$2*$B$3*$B$4 -> 5.0058802e-05 | G9: Extrapolated
A10: =O_KE_Response_vals!A6 -> HiRes | B10: =O_KE_Response_vals!B6 -> 3 | C10: =O_KE_Response_vals!C6 -> 0.1287 | D10: =O_KE_Response_vals!F6 -> 1.0066181 | E10: =O_KE_Response_vals!H6 -> 0.00022584743 | F10: =E10*D10*$B$2*$B$3*$B$4 -> 8.4062969e-05 | G10: Extrapolated
A11: =O_KE_Response_vals!A7 -> HiRes | B11: =O_KE_Response_vals!B7 -> 4 | C11: =O_KE_Response_vals!C7 -> 0.2533 | D11: =O_KE_Response_vals!F7 -> 1.0400547 | E11: =O_KE_Response_vals!H7 -> 0.00035277096 | F11: =E11*D11*$B$2*$B$3*$B$4 -> 0.00013566689 | G11: Extrapolated
A12: =O_KE_Response_vals!A8 -> HiRes | B12: =O_KE_Response_vals!B8 -> 5 | C12: =O_KE_Response_vals!C8 -> 0.4884 | D12: =O_KE_Response_vals!F8 -> 1.0840041 | E12: =O_KE_Response_vals!H8 -> 0.00051762007 | F12: =E12*D12*$B$2*$B$3*$B$4 -> 0.00020747552 | G12: Extrapolated
A13: =O_KE_Response_vals!A9 -> HiRes | B13: =O_KE_Response_vals!B9 -> 6 | C13: =O_KE_Response_vals!C9 -> 1 | D13: =O_KE_Response_vals!F9 -> 1.2004295 | E13: =O_KE_Response_vals!H9 -> 0.00087118479 | F13: =E13*D13*$B$2*$B$3*$B$4 -> 0.00038669786
A14: =O_KE_Response_vals!A10 -> HiRes | B14: =O_KE_Response_vals!B10 -> 7 | C14: =O_KE_Response_vals!C10 -> 1.9378 | D14: =O_KE_Response_vals!F10 -> 1.184425 | E14: =O_KE_Response_vals!H10 -> 0.0013681772 | F14: =E14*D14*$B$2*$B$3*$B$4 -> 0.00059920408
A15: =O_KE_Response_vals!A11 -> HiTh | B15: =O_KE_Response_vals!B11 -> 1 | C15: =O_KE_Response_vals!C11 -> 0.0347 | D15: =O_KE_Response_vals!F11 -> 1.6484055 | E15: =O_KE_Response_vals!H11 -> 0.00012955015 | F15: =E15*D15*$B$2*$B$3*$B$4 -> 7.8963578e-05 | G15: Extrapolated
A16: =O_KE_Response_vals!A12 -> HiTh | B16: =O_KE_Response_vals!B12 -> 2 | C16: =O_KE_Response_vals!C12 -> 0.067 | D16: =O_KE_Response_vals!F12 -> 1.548445 | E16: =O_KE_Response_vals!H12 -> 0.00022308806 | F16: =E16*D16*$B$2*$B$3*$B$4 -> 0.00012773118 | G16: Extrapolated
A17: =O_KE_Response_vals!A13 -> HiTh | B17: =O_KE_Response_vals!B13 -> 3 | C17: =O_KE_Response_vals!C13 -> 0.1287 | D17: =O_KE_Response_vals!F13 -> 1.4806663 | E17: =O_KE_Response_vals!H13 -> 0.00038327569 | F17: =E17*D17*$B$2*$B$3*$B$4 -> 0.00020984244 | G17: Extrapolated
A18: =O_KE_Response_vals!A14 -> HiTh | B18: =O_KE_Response_vals!B14 -> 4 | C18: =O_KE_Response_vals!C14 -> 0.2533 | D18: =O_KE_Response_vals!F14 -> 1.5673893 | E18: =O_KE_Response_vals!H14 -> 0.00064473833 | F18: =E18*D18*$B$2*$B$3*$B$4 -> 0.0003736674 | G18: Extrapolated
A19: =O_KE_Response_vals!A15 -> HiTh | B19: =O_KE_Response_vals!B15 -> 5 | C19: =O_KE_Response_vals!C15 -> 0.4884 | D19: =O_KE_Response_vals!F15 -> 1.5806102 | E19: =O_KE_Response_vals!H15 -> 0.001042358 | F19: =E19*D19*$B$2*$B$3*$B$4 -> 0.0006092093 | G19: Extrapolated
A20: =O_KE_Response_vals!A16 -> HiTh | B20: =O_KE_Response_vals!B16 -> 6 | C20: =O_KE_Response_vals!C16 -> 1 | D20: =O_KE_Response_vals!F16 -> 1.6559302 | E20: =O_KE_Response_vals!H16 -> 0.001704188 | F20: =E20*D20*$B$2*$B$3*$B$4 -> 0.0010434805
A21: =O_KE_Response_vals!A17 -> HiTh | B21: =O_KE_Response_vals!B17 -> 7 | C21: =O_KE_Response_vals!C17 -> 1.9378 | D21: =O_KE_Response_vals!F17 -> 1.5834271 | E21: =O_KE_Response_vals!H17 -> 0.0027281264 | F21: =E21*D21*$B$2*$B$3*$B$4 -> 0.0015973033
D25: =0.367 * 0.635 -> 0.233045

Sheet O Error
A1: Oxygen
D2: ESA-CS Eff Error | K2: Total
A3: =H_KE_Response_vals!A3 -> E_mode | B3: =H_KE_Response_vals!B3 -> estep | C3: =H_KE_Response_vals!C3 -> scale_fact | D3: dESA-CS | E3: dN_IMAP-lo | F3: dN_abm | G3: dN_IBEX-lo | H3: dN_IMAP_ref | I3: dN_IBEX_ref | J3: dCS-Facet | K3: dEff_ESA-CS Mean
C4: [U+_n/U+_6] | D4: Model Fit Residual | E4: Instr. Stat | F4: ABM Stat | G4: IBEX Stat | H4: IMAP-E6.5 Stat | I4: IBEX E6.5 Stat | J4: Std Facet | L4: Comments
A5: =O_KE_Response_vals!A4 -> HiRes | B5: =O_KE_Response_vals!B4 -> 1 | C5: =O_KE_Response_vals!C4 -> 0.0347 | D5: 0.63036584 | E5: NaN | F5: NaN | G5: 0.142857 | H5: 0.091129 | I5: 0.128226 | J5: 0.042134 | K5: =SQRT(SUMSQ(D5:J5)) -> 0.66655149 | L5: IBEX-lo supplemental data has no estimate inc. flux error
A6: =O_KE_Response_vals!A5 -> HiRes | B6: =O_KE_Response_vals!B5 -> 2 | C6: =O_KE_Response_vals!C5 -> 0.067 | D6: 0.43856758 | E6: NaN | F6: NaN | G6: 0.119048 | H6: 0.091129 | I6: 0.128226 | J6: 0.042134 | K6: =SQRT(SUMSQ(D6:J6)) -> 0.48273763
A7: =O_KE_Response_vals!A6 -> HiRes | B7: =O_KE_Response_vals!B6 -> 3 | C7: =O_KE_Response_vals!C6 -> 0.1287 | D7: 0.4527986 | E7: NaN | F7: NaN | G7: 0.114382 | H7: 0.091129 | I7: 0.128226 | J7: 0.042134 | K7: =SQRT(SUMSQ(D7:J7)) -> 0.49460236
A8: =O_KE_Response_vals!A7 -> HiRes | B8: =O_KE_Response_vals!B7 -> 4 | C8: =O_KE_Response_vals!C7 -> 0.2533 | D8: 0.36587766 | E8: NaN | F8: NaN | G8: 0.128859 | H8: 0.091129 | I8: 0.128226 | J8: 0.042134 | K8: =SQRT(SUMSQ(D8:J8)) -> 0.42070509
A9: =O_KE_Response_vals!A8 -> HiRes | B9: =O_KE_Response_vals!B8 -> 5 | C9: =O_KE_Response_vals!C8 -> 0.4884 | D9: 0.32057411 | E9: NaN | F9: NaN | G9: 0.128859 | H9: 0.091129 | I9: 0.128226 | J9: 0.042134 | K9: =SQRT(SUMSQ(D9:J9)) -> 0.38196083
A10: =O_KE_Response_vals!A9 -> HiRes | B10: =O_KE_Response_vals!B9 -> 6 | C10: =O_KE_Response_vals!C9 -> 1 | D10: 0.177174 | E10: 0.115979 | F10: 0.114072 | G10: NaN | H10: NaN | I10: NaN | J10: 0.042134 | K10: =SQRT(SUMSQ(D10:J10)) -> 0.24419142
A11: =O_KE_Response_vals!A10 -> HiRes | B11: =O_KE_Response_vals!B10 -> 7 | C11: =O_KE_Response_vals!C10 -> 1.9378 | D11: 0.102615 | E11: 0.025302 | F11: 0.011388 | G11: NaN | H11: NaN | I11: NaN | J11: 0.042134 | K11: =SQRT(SUMSQ(D11:J11)) -> 0.11434592
A12: =O_KE_Response_vals!A11 -> HiTh | B12: =O_KE_Response_vals!B11 -> 1 | C12: =O_KE_Response_vals!C11 -> 0.0347 | D12: 0.63036584 | E12: NaN | F12: NaN | G12: 0.142857 | H12: 0.091129 | I12: 0.128226 | J12: 0.042134 | K12: =SQRT(SUMSQ(D12:J12)) -> 0.66655149
A13: =O_KE_Response_vals!A12 -> HiTh | B13: =O_KE_Response_vals!B12 -> 2 | C13: =O_KE_Response_vals!C12 -> 0.067 | D13: 0.43856758 | E13: NaN | F13: NaN | G13: 0.119048 | H13: 0.091129 | I13: 0.128226 | J13: 0.042134 | K13: =SQRT(SUMSQ(D13:J13)) -> 0.48273763
A14: =O_KE_Response_vals!A13 -> HiTh | B14: =O_KE_Response_vals!B13 -> 3 | C14: =O_KE_Response_vals!C13 -> 0.1287 | D14: 0.4527986 | E14: NaN | F14: NaN | G14: 0.114382 | H14: 0.091129 | I14: 0.128226 | J14: 0.042134 | K14: =SQRT(SUMSQ(D14:J14)) -> 0.49460236
A15: =O_KE_Response_vals!A14 -> HiTh | B15: =O_KE_Response_vals!B14 -> 4 | C15: =O_KE_Response_vals!C14 -> 0.2533 | D15: 0.36587766 | E15: NaN | F15: NaN | G15: 0.128859 | H15: 0.091129 | I15: 0.128226 | J15: 0.042134 | K15: =SQRT(SUMSQ(D15:J15)) -> 0.42070509
A16: =O_KE_Response_vals!A15 -> HiTh | B16: =O_KE_Response_vals!B15 -> 5 | C16: =O_KE_Response_vals!C15 -> 0.4884 | D16: 0.32057411 | E16: NaN | F16: NaN | G16: 0.128859 | H16: 0.091129 | I16: 0.128226 | J16: 0.042134 | K16: =SQRT(SUMSQ(D16:J16)) -> 0.38196083
A17: =O_KE_Response_vals!A16 -> HiTh | B17: =O_KE_Response_vals!B16 -> 6 | C17: =O_KE_Response_vals!C16 -> 1 | D17: 0.181889 | E17: 0.094646 | F17: 0.114072 | G17: NaN | H17: NaN | I17: NaN | J17: 0.042134 | K17: =SQRT(SUMSQ(D17:J17)) -> 0.23838869
A18: =O_KE_Response_vals!A17 -> HiTh | B18: =O_KE_Response_vals!B17 -> 7 | C18: =O_KE_Response_vals!C17 -> 1.9378 | D18: 0.168281 | E18: 0.020642 | F18: 0.011388 | G18: NaN | H18: NaN | I18: NaN | J18: 0.042134 | K18: =SQRT(SUMSQ(D18:J18)) -> 0.17507012
E20: Nearest Neighbor Extrapolated
E21: Quadratic interpolated
D24: Error analysis | E24: 20260311 Final Cal Result Error O
E25: 20260320_Oxygen_GF_Uncertainty.pptx
E26: 20260320_OxygenGF_Error_Ramanifard.ipynb
E27: 20260324_OxygenGF_Error_Rahmanifard.docx

Sheet IBEX GF Compare
B1: Why | C1: Increase Factor | D1: Reference | E1: Comments
B2: Increase in FoV | C2: 1 | E2: Redundant with abs geometric factor, previously 1.9 | G2: Hi-Res | H2: Hi-Th
B3: Elimination of Hi Res sector | C3: 1 | E3: Redundant with abs geometric factor, previously 1.2 | F3: Change in Passband/ESA-CS collection efficiency | G3: =0.14/0.17 -> 0.82352941 | H3: =AVERAGE('H GF'!D15:D21)/AVERAGE('H GF'!D8:D13)*AVERAGE('H GF'!F14:F21)/AVERAGE('H GF'!F8:F14)*G3 -> 2.9148878
B4: ToF Enterance Grid | C4: =0.6/0.5 -> 1.2 | F4: Total_GF increase | G4: =PRODUCT($C2:$C6)*G3 -> 2.5786597 | H4: =PRODUCT($C2:$C6)*H3 -> 9.1271829
B5: p2 grid | C5: 1.1
B6: Abs Geometric Factor | C6: ='H GF'!B3/0.919 -> 2.3721436 | D6: Coll Subsystem Cal
A9: Species | B9: ='H GF'!B6 -> estep | C9: ='H GF'!A6 -> E_mode | D9: GF IMAP | E9: GF IBEX | F9: GF Increase | G9: GF Increase Expected | H9: Observed/Expected Increase
C10: [IMAP] | E10: [lo_cal_dat_H_v09_interp.xlsx]
A11: H | B11: ='H GF'!B8 -> 1 | C11: ='H GF'!A8 -> HiRes | D11: ='H GF'!F8 -> 6.3888414e-05 | E11: 7.2925896e-06 | F11: ='H GF'!F8/E11 -> 8.7607307 | G11: ='IBEX GF Compare'!$G$4 -> 2.5786597 | H11: =F11/G11 -> 3.397397
B12: ='H GF'!B9 -> 2 | C12: ='H GF'!A9 -> HiRes | D12: ='H GF'!F9 -> 7.2022468e-05 | E12: 1.4147085e-05 | F12: ='H GF'!F9/E12 -> 5.0909757 | G12: ='IBEX GF Compare'!$G$4 -> 2.5786597 | H12: =F12/G12 -> 1.9742721
B13: ='H GF'!B10 -> 3 | C13: ='H GF'!A10 -> HiRes | D13: ='H GF'!F10 -> 8.7749576e-05 | E13: 2.1715176e-05 | F13: ='H GF'!F10/E13 -> 4.0409333 | G13: ='IBEX GF Compare'!$G$4 -> 2.5786597 | H13: =F13/G13 -> 1.5670673
B14: ='H GF'!B11 -> 4 | C14: ='H GF'!A11 -> HiRes | D14: ='H GF'!F11 -> 0.00010202523 | E14: 2.432905e-05 | F14: ='H GF'!F11/E14 -> 4.193556 | G14: ='IBEX GF Compare'!$G$4 -> 2.5786597 | H14: =F14/G14 -> 1.6262542
B15: ='H GF'!B12 -> 5 | C15: ='H GF'!A12 -> HiRes | D15: ='H GF'!F12 -> 0.00012744963 | E15: 2.4082488e-05 | F15: ='H GF'!F12/E15 -> 5.2922119 | G15: ='IBEX GF Compare'!$G$4 -> 2.5786597 | H15: =F15/G15 -> 2.0523111
B16: ='H GF'!B13 -> 6 | C16: ='H GF'!A13 -> HiRes | D16: ='H GF'!F13 -> 0.00016077226 | E16: 2.8154031e-05 | F16: ='H GF'!F13/E16 -> 5.7104527 | G16: ='IBEX GF Compare'!$G$4 -> 2.5786597 | H16: =F16/G16 -> 2.2145042
B17: ='H GF'!B14 -> 7 | C17: ='H GF'!A14 -> HiRes | D17: ='H GF'!F14 -> 0.00020392348 | E17: 5.2283763e-05 | F17: ='H GF'!F14/E17 -> 3.9003214 | G17: ='IBEX GF Compare'!$G$4 -> 2.5786597 | H17: =F17/G17 -> 1.5125383
B18: ='H GF'!B15 -> 1 | C18: ='H GF'!A15 -> HiTh | D18: ='H GF'!F15 -> 0.00015117641 | E18: 7.2925896e-06 | F18: ='H GF'!F15/E18 -> 20.730141 | G18: ='IBEX GF Compare'!$H$4 -> 9.1271829 | H18: =F18/G18 -> 2.271253
B19: ='H GF'!B16 -> 2 | C19: ='H GF'!A16 -> HiTh | D19: ='H GF'!F16 -> 0.00017416148 | E19: 1.4147085e-05 | F19: ='H GF'!F16/E19 -> 12.310768 | G19: ='IBEX GF Compare'!$H$4 -> 9.1271829 | H19: =F19/G19 -> 1.3488025
B20: ='H GF'!B17 -> 3 | C20: ='H GF'!A17 -> HiTh | D20: ='H GF'!F17 -> 0.00020614135 | E20: 2.1715176e-05 | F20: ='H GF'!F17/E20 -> 9.4929627 | G20: ='IBEX GF Compare'!$H$4 -> 9.1271829 | H20: =F20/G20 -> 1.0400759
B21: ='H GF'!B18 -> 4 | C21: ='H GF'!A18 -> HiTh | D21: ='H GF'!F18 -> 0.00024814962 | E21: 2.432905e-05 | F21: ='H GF'!F18/E21 -> 10.199725 | G21: ='IBEX GF Compare'!$H$4 -> 9.1271829 | H21: =F21/G21 -> 1.1175108
B22: ='H GF'!B19 -> 5 | C22: ='H GF'!A19 -> HiTh | D22: ='H GF'!F19 -> 0.00030695953 | E22: 2.4082488e-05 | F22: ='H GF'!F19/E22 -> 12.746172 | G22: ='IBEX GF Compare'!$H$4 -> 9.1271829 | H22: =F22/G22 -> 1.3965066
B23: ='H GF'!B20 -> 6 | C23: ='H GF'!A20 -> HiTh | D23: ='H GF'!F20 -> 0.00040363458 | E23: 2.8154031e-05 | F23: ='H GF'!F20/E23 -> 14.336653 | G23: ='IBEX GF Compare'!$H$4 -> 9.1271829 | H23: =F23/G23 -> 1.5707643
B24: ='H GF'!B21 -> 7 | C24: ='H GF'!A21 -> HiTh | D24: ='H GF'!F21 -> 0.00051692754 | E24: 5.2283763e-05 | F24: ='H GF'!F21/E24 -> 9.8869613 | G24: ='IBEX GF Compare'!$H$4 -> 9.1271829 | H24: =F24/G24 -> 1.0832435
E25: [lo_cal_dat_O_v07_interp.xlsx]
A26: O | B26: ='O GF'!B8 -> 1 | C26: ='O GF'!A8 -> HiRes | D26: ='O GF'!F8 -> 3.1115758e-05 | E26: 3.5475733e-05 | F26: =D26/E26 -> 0.87709978 | G26: ='IBEX GF Compare'!$G$4 -> 2.5786597 | H26: =F26/G26 -> 0.34013786
B27: ='O GF'!B9 -> 2 | C27: ='O GF'!A9 -> HiRes | D27: ='O GF'!F9 -> 5.0058802e-05 | E27: 3.9843633e-05 | F27: =D27/E27 -> 1.2563815 | G27: ='IBEX GF Compare'!$G$4 -> 2.5786597 | H27: =F27/G27 -> 0.48722268
B28: ='O GF'!B10 -> 3 | C28: ='O GF'!A10 -> HiRes | D28: ='O GF'!F10 -> 8.4062969e-05 | E28: 6.364558e-05 | F28: =D28/E28 -> 1.3207982 | G28: ='IBEX GF Compare'!$G$4 -> 2.5786597 | H28: =F28/G28 -> 0.51220339
B29: ='O GF'!B11 -> 4 | C29: ='O GF'!A11 -> HiRes | D29: ='O GF'!F11 -> 0.00013566689 | E29: 7.2867221e-05 | F29: =D29/E29 -> 1.861837 | G29: ='IBEX GF Compare'!$G$4 -> 2.5786597 | H29: =F29/G29 -> 0.72201734
B30: ='O GF'!B12 -> 5 | C30: ='O GF'!A12 -> HiRes | D30: ='O GF'!F12 -> 0.00020747552 | E30: 7.2383151e-05 | F30: =D30/E30 -> 2.8663511 | G30: ='IBEX GF Compare'!$G$4 -> 2.5786597 | H30: =F30/G30 -> 1.1115663
B31: ='O GF'!B13 -> 6 | C31: ='O GF'!A13 -> HiRes | D31: ='O GF'!F13 -> 0.00038669786 | E31: 6.8878619e-05 | F31: =D31/E31 -> 5.6141929 | G31: ='IBEX GF Compare'!$G$4 -> 2.5786597 | H31: =F31/G31 -> 2.1771748
B32: ='O GF'!B14 -> 7 | C32: ='O GF'!A14 -> HiRes | D32: ='O GF'!F14 -> 0.00059920408 | E32: 8.0057286e-05 | F32: =D32/E32 -> 7.4846913 | G32: ='IBEX GF Compare'!$G$4 -> 2.5786597 | H32: =F32/G32 -> 2.9025511
B33: ='O GF'!B15 -> 1 | C33: ='O GF'!A15 -> HiTh | D33: ='O GF'!F15 -> 7.8963578e-05 | E33: 3.5475733e-05 | F33: =D33/E33 -> 2.2258477 | G33: ='IBEX GF Compare'!$H$4 -> 9.1271829 | H33: =F33/G33 -> 0.24387017
B34: ='O GF'!B16 -> 2 | C34: ='O GF'!A16 -> HiTh | D34: ='O GF'!F16 -> 0.00012773118 | E34: 3.9843633e-05 | F34: =D34/E34 -> 3.2058117 | G34: ='IBEX GF Compare'!$H$4 -> 9.1271829 | H34: =F34/G34 -> 0.3512378
B35: ='O GF'!B17 -> 3 | C35: ='O GF'!A17 -> HiTh | D35: ='O GF'!F17 -> 0.00020984244 | E35: 6.364558e-05 | F35: =D35/E35 -> 3.2970465 | G35: ='IBEX GF Compare'!$H$4 -> 9.1271829 | H35: =F35/G35 -> 0.36123375
B36: ='O GF'!B18 -> 4 | C36: ='O GF'!A18 -> HiTh | D36: ='O GF'!F18 -> 0.0003736674 | E36: 7.2867221e-05 | F36: =D36/E36 -> 5.1280589 | G36: ='IBEX GF Compare'!$H$4 -> 9.1271829 | H36: =F36/G36 -> 0.56184465
B37: ='O GF'!B19 -> 5 | C37: ='O GF'!A19 -> HiTh | D37: ='O GF'!F19 -> 0.0006092093 | E37: 7.2383151e-05 | F37: =D37/E37 -> 8.4164518 | G37: ='IBEX GF Compare'!$H$4 -> 9.1271829 | H37: =F37/G37 -> 0.92213029
B38: ='O GF'!B20 -> 6 | C38: ='O GF'!A20 -> HiTh | D38: ='O GF'!F20 -> 0.0010434805 | E38: 6.8878619e-05 | F38: =D38/E38 -> 15.149556 | G38: ='IBEX GF Compare'!$H$4 -> 9.1271829 | H38: =F38/G38 -> 1.6598283
B39: ='O GF'!B21 -> 7 | C39: ='O GF'!A21 -> HiTh | D39: ='O GF'!F21 -> 0.0015973033 | E39: 8.0057286e-05 | F39: =D39/E39 -> 19.952004 | G39: ='IBEX GF Compare'!$H$4 -> 9.1271829 | H39: =F39/G39 -> 2.185998

Sheet Ne GF
A1: Neon | B1: value | C1: Unit | D1: Ref | E1: Comment
A2: Absolute GF | B2: 2.18 | C2: cm^2sr | D2: F. Rahmanifard 5/16/2025
A3: Total Grid Transparency | B3: =GridsAndSpokes!D7 -> 0.56538866 | C3: [%]
E5: spec_obs | F5: H | J5: O
F6: cal_eff_total | G6: ESA_CS_effic | H6: tof_effic | I6: GF | J6: cal_eff_total | K6: ESA_CS_effic | L6: tof_effic | M6: GF
A7: Species | B7: Inc. Energy [ev] | C7: E_mode | D7: Estep | E7: ke_He_norm
A8: Ne | B8: 700 | C8: HiRes | D8: 1 | E8: 0.086615 | F8: 9e-06 | G8: 8.5e-05 | H8: 0.087275 | I8: =G8*H8*$B$2*$B$3 -> 9.1434979e-06 | J8: 2.351036e-06 | K8: 2.3e-05 | L8: 0.24061 | M8: =K8*L8*$B$2*$B$3 -> 6.8209536e-06
D9: 2 | E9: 0.167231 | F9: 1.9e-05 | G9: 0.000188 | H9: 0.087275 | I9: =G9*H9*$B$2*$B$3 -> 2.0223266e-05 | J9: 1.616982e-06 | K9: 1.6e-05 | L9: 0.24061 | M9: =K9*L9*$B$2*$B$3 -> 4.7450112e-06
D10: 3 | E10: 0.318846 | F10: 1.9e-05 | G10: 0.000187 | H10: 0.087275 | I10: =G10*H10*$B$2*$B$3 -> 2.0115695e-05 | J10: 5.352334e-06 | K10: 5.3e-05 | L10: 0.24061 | M10: =K10*L10*$B$2*$B$3 -> 1.571785e-05
D11: 4 | E11: 0.622846 | F11: 1.3e-05 | G11: 0.000123 | H11: 0.087275 | I11: =G11*H11*$B$2*$B$3 -> 1.3231179e-05 | J11: 1.06163e-05 | K11: 0.000104 | L11: 0.24061 | M11: =K11*L11*$B$2*$B$3 -> 3.0842573e-05
D12: 5 | E12: 1.194769 | F12: 4e-06 | G12: 4.3e-05 | H12: 0.087275 | I12: =G12*H12*$B$2*$B$3 -> 4.6255342e-06 | J12: 1.390272e-05 | K12: 0.000137 | L12: 0.24061 | M12: =K12*L12*$B$2*$B$3 -> 4.0629158e-05
D13: 6 | E13: 2.468615 | F13: 0 | G13: 0 | H13: 0.087275 | I13: =G13*H13*$B$2*$B$3 -> 0 | J13: 1.157542e-05 | K13: 0.000114 | L13: 0.24061 | M13: =K13*L13*$B$2*$B$3 -> 3.3808205e-05
D14: 7 | E14: 4.753154 | F14: 0 | G14: 0 | H14: 0.087275 | I14: =G14*H14*$B$2*$B$3 -> 0 | J14: 5.857427e-07 | K14: 6e-06 | L14: 0.24061 | M14: =K14*L14*$B$2*$B$3 -> 1.7793792e-06
A15: Ne | B15: 700 | C15: HiTh | D15: 1 | E15: 0.086615 | F15: 2.6e-05 | G15: 0.000202 | H15: 0.22203 | I15: =G15*H15*$B$2*$B$3 -> 5.5279819e-05 | J15: 7.7763e-06 | K15: 6.1e-05 | L15: 0.272869 | M15: =K15*L15*$B$2*$B$3 -> 2.051576e-05
D16: 2 | E16: 0.167231 | F16: 5.9e-05 | G16: 0.000462 | H16: 0.22203 | I16: =G16*H16*$B$2*$B$3 -> 0.00012643206 | J16: 7.494837e-06 | K16: 5.9e-05 | L16: 0.272869 | M16: =K16*L16*$B$2*$B$3 -> 1.9843113e-05
D17: 3 | E17: 0.318846 | F17: 6.1e-05 | G17: 0.000485 | H17: 0.22203 | I17: =G17*H17*$B$2*$B$3 -> 0.0001327263 | J17: 1.675252e-05 | K17: 0.000132 | L17: 0.272869 | M17: =K17*L17*$B$2*$B$3 -> 4.439476e-05
D18: 4 | E18: 0.622846 | F18: 4.5e-05 | G18: 0.000359 | H18: 0.22203 | I18: =G18*H18*$B$2*$B$3 -> 9.8244827e-05 | J18: 2.92043e-05 | K18: 0.000231 | L18: 0.272869 | M18: =K18*L18*$B$2*$B$3 -> 7.769083e-05
D19: 5 | E19: 1.194769 | F19: 2.3e-05 | G19: 0.00018 | H19: 0.22203 | I19: =G19*H19*$B$2*$B$3 -> 4.9259245e-05 | J19: 3.714941e-05 | K19: 0.000293 | L19: 0.272869 | M19: =K19*L19*$B$2*$B$3 -> 9.8542915e-05
D20: 6 | E20: 2.468615 | F20: 3e-06 | G20: 2.4e-05 | H20: 0.22203 | I20: =G20*H20*$B$2*$B$3 -> 6.5678993e-06 | J20: 3.275774e-05 | K20: 0.000259 | L20: 0.272869 | M20: =K20*L20*$B$2*$B$3 -> 8.7107901e-05
D21: 7 | E21: 4.753154 | F21: 3e-06 | G21: 2.2e-05 | H21: 0.22203 | I21: =G21*H21*$B$2*$B$3 -> 6.0205744e-06 | J21: 9.253267e-06 | K21: 7.3e-05 | L21: 0.272869 | M21: =K21*L21*$B$2*$B$3 -> 2.4551648e-05
A25: Calculation Notebook | B25: 20260128_All_Cal_DER_Ne

Sheet He GF
A1: Helium | B1: value | C1: Unit | D1: Ref | E1: Comment
A2: Absolute GF | B2: 2.18 | C2: cm^2sr | D2: F. Rahmanifard 5/16/2025
A3: Total Grid Transparency | B3: =GridsAndSpokes!D7 -> 0.56538866 | C3: [%]
E5: spec_obs | F5: H | J5: O
F6: cal_eff_total | G6: ESA_CS_effic | H6: tof_effic | I6: GF | J6: cal_eff_total | K6: ESA_CS_effic | L6: tof_effic | M6: GF
A7: Species | B7: Inc. Energy [ev] | C7: E_mode | D7: Estep | E7: ke_He_norm
A8: He | B8: 130 | C8: HiRes | D8: 1 | E8: 0.086615 | F8: 6.442428e-07 | G8: 2e-06 | H8: 0.128756 | I8: =G8*H8*$B$2*$B$3 -> 3.1739571e-07 | J8: 2.327788e-07 | K8: 8.403967e-07 | L8: 0.126595 | M8: =K8*L8*$B$2*$B$3 -> 1.3113073e-07
D9: 2 | E9: 0.167231 | F9: 1.040538e-06 | G9: 4e-06 | H9: 0.128756 | I9: =G9*H9*$B$2*$B$3 -> 6.3479143e-07 | J9: 2.730225e-07 | K9: 9.856875e-07 | L9: 0.126595 | M9: =K9*L9*$B$2*$B$3 -> 1.5380108e-07
D10: 3 | E10: 0.318846 | F10: 2.018002e-06 | G10: 7e-06 | H10: 0.128756 | I10: =G10*H10*$B$2*$B$3 -> 1.110885e-06 | J10: 5.788605e-07 | K10: 2.089848e-06 | L10: 0.126595 | M10: =K10*L10*$B$2*$B$3 -> 3.2608802e-07
D11: 4 | E11: 0.622846 | F11: 1.474377e-06 | G11: 5e-06 | H11: 0.128756 | I11: =G11*H11*$B$2*$B$3 -> 7.9348928e-07 | J11: 5.259564e-07 | K11: 1.89885e-06 | L11: 0.126595 | M11: =K11*L11*$B$2*$B$3 -> 2.9628577e-07
D12: 5 | E12: 1.194769 | F12: 0 | G12: 0 | H12: 0.128756 | I12: =G12*H12*$B$2*$B$3 -> 0 | J12: -4.270208e-07 | K12: -1.541664e-06 | L12: 0.126595 | M12: =K12*L12*$B$2*$B$3 -> -2.405525e-07
D13: 6 | E13: 2.468615 | F13: 0 | G13: 0 | H13: 0.128756 | I13: =G13*H13*$B$2*$B$3 -> 0 | J13: 0 | K13: 0 | L13: 0.126595 | M13: =K13*L13*$B$2*$B$3 -> 0
D14: 7 | E14: 4.753154 | F14: 0 | G14: 0 | H14: 0.128756 | I14: =G14*H14*$B$2*$B$3 -> 0 | J14: 0 | K14: 0 | L14: 0.126595 | M14: =K14*L14*$B$2*$B$3 -> 0
A15: He | B15: 130 | C15: HiTh | D15: 1 | E15: 0.086615 | F15: 2.393507e-06 | G15: 9e-06 | H15: 0.134349 | I15: =G15*H15*$B$2*$B$3 -> 1.4903234e-06 | J15: 6.376565e-07 | K15: 2.280631e-06 | L15: 0.157869 | M15: =K15*L15*$B$2*$B$3 -> 4.4376747e-07
D16: 2 | E16: 0.167231 | F16: 5.951892e-06 | G16: 2.1e-05 | H16: 0.134349 | I16: =G16*H16*$B$2*$B$3 -> 3.4774214e-06 | J16: 1.851221e-06 | K16: 6.621043e-06 | L16: 0.157869 | M16: =K16*L16*$B$2*$B$3 -> 1.2883292e-06
D17: 3 | E17: 0.318846 | F17: 8.537171e-06 | G17: 3.1e-05 | H17: 0.134349 | I17: =G17*H17*$B$2*$B$3 -> 5.1333363e-06 | J17: 2.56184e-06 | K17: 9.162632e-06 | L17: 0.157869 | M17: =K17*L17*$B$2*$B$3 -> 1.7828741e-06
D18: 4 | E18: 0.622846 | F18: 6.489388e-06 | G18: 2.3e-05 | H18: 0.134349 | I18: =G18*H18*$B$2*$B$3 -> 3.8086043e-06 | J18: 1.540694e-06 | K18: 5.510418e-06 | L18: 0.157869 | M18: =K18*L18*$B$2*$B$3 -> 1.0722227e-06
D19: 5 | E19: 1.194769 | F19: 3.131948e-06 | G19: 1.1e-05 | H19: 0.134349 | I19: =G19*H19*$B$2*$B$3 -> 1.8215064e-06 | J19: 5.560963e-07 | K19: 1.988924e-06 | L19: 0.157869 | M19: =K19*L19*$B$2*$B$3 -> 3.8700683e-07
D20: 6 | E20: 2.468615 | F20: 0 | G20: 0 | H20: 0.134349 | I20: =G20*H20*$B$2*$B$3 -> 0 | J20: 0 | K20: 0 | L20: 0.157869 | M20: =K20*L20*$B$2*$B$3 -> 0
D21: 7 | E21: 4.753154 | F21: 0 | G21: 0 | H21: 0.134349 | I21: =G21*H21*$B$2*$B$3 -> 0 | J21: 0 | K21: 0 | L21: 0.157869 | M21: =K21*L21*$B$2*$B$3 -> 0
A25: Calculation Notebook | B25: 20260121_All_Cal_DER_He.ipyb

Sheet Sputtered Ibex-Comp
A1: Helium | B1: value | C1: Unit | D1: Ref | F1: Comment
A2: Absolute GF | B2: 2.18 | C2: cm^2sr | D2: F. Rahmanifard 5/16/2025
A3: Total Grid Transparency | B3: =GridsAndSpokes!D7 -> 0.56538866 | C3: [%]
F5: spec_obs | G5: H | K5: O
G6: cal_eff_total | H6: ESA_CS_effic | I6: tof_effic | J6: GF | K6: cal_eff_total | L6: ESA_CS_effic | M6: tof_effic | N6: GF | O6: GF Combined
A7: Species | B7: Inc. Energy [ev] | C7: E_mode | D7: Estep | E7: ESA-CS Intrinsic CE [eV] | F7: ke_He_norm | P7: IBEX-lo Ref
A8: He | B8: 130 | C8: HiRes | D8: 1 | E8: 11.337748 | F8: 0.086615 | G8: 6.442428e-07 | H8: 2e-06 | I8: 0.128756 | J8: =H8*I8*$B$2*$B$3 -> 3.1739571e-07 | K8: 2.327788e-07 | L8: 8.403967e-07 | M8: 0.126595 | N8: =L8*M8*$B$2*$B$3 -> 1.3113073e-07 | O8: =N8+J8 -> 4.4852644e-07 | P8: 5.1910967e-05
D9: 2 | E9: 21.605111 | F9: 0.167231 | G9: 1.040538e-06 | H9: 4e-06 | I9: 0.128756 | J9: =H9*I9*$B$2*$B$3 -> 6.3479143e-07 | K9: 2.730225e-07 | L9: 9.856875e-07 | M9: 0.126595 | N9: =L9*M9*$B$2*$B$3 -> 1.5380108e-07 | O9: =N9+J9 -> 7.8859251e-07 | P9: 6.472709e-05
D10: 3 | E10: 40.908564 | F10: 0.318846 | G10: 2.018002e-06 | H10: 7e-06 | I10: 0.128756 | J10: =H10*I10*$B$2*$B$3 -> 1.110885e-06 | K10: 5.788605e-07 | L10: 2.089848e-06 | M10: 0.126595 | N10: =L10*M10*$B$2*$B$3 -> 3.2608802e-07 | O10: =N10+J10 -> 1.436973e-06 | P10: 5.5418694e-05
D11: 4 | E11: 81.620316 | F11: 0.622846 | G11: 1.474377e-06 | H11: 5e-06 | I11: 0.128756 | J11: =H11*I11*$B$2*$B$3 -> 7.9348928e-07 | K11: 5.259564e-07 | L11: 1.89885e-06 | M11: 0.126595 | N11: =L11*M11*$B$2*$B$3 -> 2.9628577e-07 | O11: =N11+J11 -> 1.0897751e-06 | P11: 5.0976041e-06
D12: 5 | E12: 155.61623 | F12: 1.194769 | G12: 0 | H12: 0 | I12: 0.128756 | J12: =H12*I12*$B$2*$B$3 -> 0 | K12: -4.270208e-07 | L12: -1.541664e-06 | M12: 0.126595 | N12: =L12*M12*$B$2*$B$3 -> -2.405525e-07 | O12: =N12+J12 -> -2.405525e-07
D13: 6 | E13: 320.14235 | F13: 2.468615 | G13: 0 | H13: 0 | I13: 0.128756 | J13: =H13*I13*$B$2*$B$3 -> 0 | K13: 0 | L13: 0 | M13: 0.126595 | N13: =L13*M13*$B$2*$B$3 -> 0 | O13: =N13+J13 -> 0
D14: 7 | E14: 618.72327 | F14: 4.753154 | G14: 0 | H14: 0 | I14: 0.128756 | J14: =H14*I14*$B$2*$B$3 -> 0 | K14: 0 | L14: 0 | M14: 0.126595 | N14: =L14*M14*$B$2*$B$3 -> 0 | O14: =N14+J14 -> 0
A15: He | B15: 130 | C15: HiTh | D15: 1 | E15: 11.260513 | F15: 0.086615 | G15: 2.393507e-06 | H15: 9e-06 | I15: 0.134349 | J15: =H15*I15*$B$2*$B$3 -> 1.4903234e-06 | K15: 6.376565e-07 | L15: 2.280631e-06 | M15: 0.157869 | N15: =L15*M15*$B$2*$B$3 -> 4.4376747e-07 | O15: =N15+J15 -> 1.9340909e-06
D16: 2 | E16: 21.742012 | F16: 0.167231 | G16: 5.951892e-06 | H16: 2.1e-05 | I16: 0.134349 | J16: =H16*I16*$B$2*$B$3 -> 3.4774214e-06 | K16: 1.851221e-06 | L16: 6.621043e-06 | M16: 0.157869 | N16: =L16*M16*$B$2*$B$3 -> 1.2883292e-06 | O16: =N16+J16 -> 4.7657506e-06
D17: 3 | E17: 41.452768 | F17: 0.318846 | G17: 8.537171e-06 | H17: 3.1e-05 | I17: 0.134349 | J17: =H17*I17*$B$2*$B$3 -> 5.1333363e-06 | K17: 2.56184e-06 | L17: 9.162632e-06 | M17: 0.157869 | N17: =L17*M17*$B$2*$B$3 -> 1.7828741e-06 | O17: =N17+J17 -> 6.9162104e-06
D18: 4 | E18: 80.971871 | F18: 0.622846 | G18: 6.489388e-06 | H18: 2.3e-05 | I18: 0.134349 | J18: =H18*I18*$B$2*$B$3 -> 3.8086043e-06 | K18: 1.540694e-06 | L18: 5.510418e-06 | M18: 0.157869 | N18: =L18*M18*$B$2*$B$3 -> 1.0722227e-06 | O18: =N18+J18 -> 4.880827e-06
D19: 5 | E19: 155.31707 | F19: 1.194769 | G19: 3.131948e-06 | H19: 1.1e-05 | I19: 0.134349 | J19: =H19*I19*$B$2*$B$3 -> 1.8215064e-06 | K19: 5.560963e-07 | L19: 1.988924e-06 | M19: 0.157869 | N19: =L19*M19*$B$2*$B$3 -> 3.8700683e-07 | O19: =N19+J19 -> 2.2085133e-06
D20: 6 | E20: 320.92 | F20: 2.468615 | G20: 0 | H20: 0 | I20: 0.134349 | J20: =H20*I20*$B$2*$B$3 -> 0 | K20: 0 | L20: 0 | M20: 0.157869 | N20: =L20*M20*$B$2*$B$3 -> 0 | O20: =N20+J20 -> 0
D21: 7 | E21: 617.91437 | F21: 4.753154 | G21: 0 | H21: 0 | I21: 0.134349 | J21: =H21*I21*$B$2*$B$3 -> 0 | K21: 0 | L21: 0 | M21: 0.157869 | N21: =L21*M21*$B$2*$B$3 -> 0 | O21: =N21+J21 -> 0
F22: spec_obs | G22: H | K22: O
G23: cal_eff_total | H23: ESA_CS_effic | I23: tof_effic | J23: GF | K23: cal_eff_total | L23: ESA_CS_effic | M23: tof_effic | N23: GF | O23: GF Combined
A24: Species | B24: Inc. Energy [ev] | C24: E_mode | D24: Estep | E24: ESA-CS Intrinsic CE [eV] | F24: ke_He_norm | P24: GF IBEX-lo Ref
A25: Ne | B25: 700 | C25: HiRes | D25: 1 | E25: 11.337748 | F25: 0.086615 | G25: 9e-06 | H25: 8.5e-05 | I25: 0.087275 | J25: =H25*I25*$B$2*$B$3 -> 9.1434979e-06 | K25: 2.351036e-06 | L25: 2.3e-05 | M25: 0.24061 | N25: =L25*M25*$B$2*$B$3 -> 6.8209536e-06 | O25: =N25+J25 -> 1.5964451e-05 | P25: 0
D26: 2 | E26: 21.605111 | F26: 0.167231 | G26: 1.9e-05 | H26: 0.000188 | I26: 0.087275 | J26: =H26*I26*$B$2*$B$3 -> 2.0223266e-05 | K26: 1.616982e-06 | L26: 1.6e-05 | M26: 0.24061 | N26: =L26*M26*$B$2*$B$3 -> 4.7450112e-06 | O26: =N26+J26 -> 2.4968277e-05 | P26: 0.00016465182
D27: 3 | E27: 40.908564 | F27: 0.318846 | G27: 1.9e-05 | H27: 0.000187 | I27: 0.087275 | J27: =H27*I27*$B$2*$B$3 -> 2.0115695e-05 | K27: 5.352334e-06 | L27: 5.3e-05 | M27: 0.24061 | N27: =L27*M27*$B$2*$B$3 -> 1.571785e-05 | O27: =N27+J27 -> 3.5833545e-05 | P27: 0.00021871092
D28: 4 | E28: 81.620316 | F28: 0.622846 | G28: 1.3e-05 | H28: 0.000123 | I28: 0.087275 | J28: =H28*I28*$B$2*$B$3 -> 1.3231179e-05 | K28: 1.06163e-05 | L28: 0.000104 | M28: 0.24061 | N28: =L28*M28*$B$2*$B$3 -> 3.0842573e-05 | O28: =N28+J28 -> 4.4073752e-05 | P28: 6.5476763e-05
D29: 5 | E29: 155.61623 | F29: 1.194769 | G29: 4e-06 | H29: 4.3e-05 | I29: 0.087275 | J29: =H29*I29*$B$2*$B$3 -> 4.6255342e-06 | K29: 1.390272e-05 | L29: 0.000137 | M29: 0.24061 | N29: =L29*M29*$B$2*$B$3 -> 4.0629158e-05 | O29: =N29+J29 -> 4.5254692e-05 | P29: 4.4452497e-05
D30: 6 | E30: 320.14235 | F30: 2.468615 | G30: 0 | H30: 0 | I30: 0.087275 | J30: =H30*I30*$B$2*$B$3 -> 0 | K30: 1.157542e-05 | L30: 0.000114 | M30: 0.24061 | N30: =L30*M30*$B$2*$B$3 -> 3.3808205e-05 | O30: =N30+J30 -> 3.3808205e-05 | P30: 8.0078026e-06
D31: 7 | E31: 618.72327 | F31: 4.753154 | G31: 0 | H31: 0 | I31: 0.087275 | J31: =H31*I31*$B$2*$B$3 -> 0 | K31: 5.857427e-07 | L31: 6e-06 | M31: 0.24061 | N31: =L31*M31*$B$2*$B$3 -> 1.7793792e-06 | O31: =N31+J31 -> 1.7793792e-06
A32: Ne | B32: 700 | C32: HiTh | D32: 1 | E32: 11.260513 | F32: 0.086615 | G32: 2.6e-05 | H32: 0.000202 | I32: 0.22203 | J32: =H32*I32*$B$2*$B$3 -> 5.5279819e-05 | K32: 7.7763e-06 | L32: 6.1e-05 | M32: 0.272869 | N32: =L32*M32*$B$2*$B$3 -> 2.051576e-05 | O32: =N32+J32 -> 7.5795579e-05
D33: 2 | E33: 21.742012 | F33: 0.167231 | G33: 5.9e-05 | H33: 0.000462 | I33: 0.22203 | J33: =H33*I33*$B$2*$B$3 -> 0.00012643206 | K33: 7.494837e-06 | L33: 5.9e-05 | M33: 0.272869 | N33: =L33*M33*$B$2*$B$3 -> 1.9843113e-05 | O33: =N33+J33 -> 0.00014627517
D34: 3 | E34: 41.452768 | F34: 0.318846 | G34: 6.1e-05 | H34: 0.000485 | I34: 0.22203 | J34: =H34*I34*$B$2*$B$3 -> 0.0001327263 | K34: 1.675252e-05 | L34: 0.000132 | M34: 0.272869 | N34: =L34*M34*$B$2*$B$3 -> 4.439476e-05 | O34: =N34+J34 -> 0.00017712106
D35: 4 | E35: 80.971871 | F35: 0.622846 | G35: 4.5e-05 | H35: 0.000359 | I35: 0.22203 | J35: =H35*I35*$B$2*$B$3 -> 9.8244827e-05 | K35: 2.92043e-05 | L35: 0.000231 | M35: 0.272869 | N35: =L35*M35*$B$2*$B$3 -> 7.769083e-05 | O35: =N35+J35 -> 0.00017593566
D36: 5 | E36: 155.31707 | F36: 1.194769 | G36: 2.3e-05 | H36: 0.00018 | I36: 0.22203 | J36: =H36*I36*$B$2*$B$3 -> 4.9259245e-05 | K36: 3.714941e-05 | L36: 0.000293 | M36: 0.272869 | N36: =L36*M36*$B$2*$B$3 -> 9.8542915e-05 | O36: =N36+J36 -> 0.00014780216
D37: 6 | E37: 320.92 | F37: 2.468615 | G37: 3e-06 | H37: 2.4e-05 | I37: 0.22203 | J37: =H37*I37*$B$2*$B$3 -> 6.5678993e-06 | K37: 3.275774e-05 | L37: 0.000259 | M37: 0.272869 | N37: =L37*M37*$B$2*$B$3 -> 8.7107901e-05 | O37: =N37+J37 -> 9.36758e-05
D38: 7 | E38: 617.91437 | F38: 4.753154 | G38: 3e-06 | H38: 2.2e-05 | I38: 0.22203 | J38: =H38*I38*$B$2*$B$3 -> 6.0205744e-06 | K38: 9.253267e-06 | L38: 7.3e-05 | M38: 0.272869 | N38: =L38*M38*$B$2*$B$3 -> 2.4551648e-05 | O38: =N38+J38 -> 3.0572222e-05
